"","age","female","voted","racename","democrat","HispanOld"
"1",19,1,1,"African American",0,FALSE
"2",58,1,1,"African American",1,FALSE
"3",29,0,0,"African American",1,FALSE
"4",59,1,1,"African American",1,FALSE
"5",35,1,1,"African American",1,FALSE
"6",51,1,1,"African American",1,FALSE
"7",72,1,1,"African American",0,FALSE
"8",63,1,1,"African American",1,FALSE
"9",65,0,NA,"African American",0,FALSE
"10",51,1,1,"Caucasian",0,FALSE
"11",18,0,0,"Hispanic",0,FALSE
"12",26,1,1,"African American",1,FALSE
"13",45,1,0,"Hispanic",1,FALSE
"14",18,1,0,"Hispanic",1,FALSE
"15",62,1,1,"African American",1,FALSE
"16",20,0,1,"African American",1,FALSE
"17",51,1,1,"African American",1,FALSE
"18",41,1,1,"Caucasian",0,FALSE
"19",41,0,1,"Hispanic",0,FALSE
"20",39,0,1,"African American",1,FALSE
"21",68,1,1,"Caucasian",1,FALSE
"22",72,0,1,"African American",1,FALSE
"23",37,0,1,"Caucasian",0,FALSE
"24",17,1,0,"African American",1,FALSE
"25",51,1,1,"Caucasian",0,FALSE
"26",56,1,1,"African American",1,FALSE
"27",26,0,1,"African American",1,FALSE
"28",69,1,1,"African American",1,FALSE
"29",68,0,1,"African American",1,FALSE
"30",55,0,NA,"African American",1,FALSE
"31",34,1,0,"African American",1,FALSE
"32",37,1,1,"Hispanic",1,FALSE
"33",40,1,1,"African American",1,FALSE
"34",30,1,1,"African American",1,FALSE
"35",70,0,1,"African American",1,FALSE
"36",53,1,1,"African American",1,FALSE
"37",44,1,1,"African American",1,FALSE
"38",36,1,1,"African American",1,FALSE
"39",61,1,1,"African American",1,FALSE
"40",68,0,1,"African American",1,FALSE
"41",31,1,1,"African American",0,FALSE
"42",52,1,1,"African American",1,FALSE
"43",46,1,0,"African American",0,FALSE
"44",37,1,0,"African American",1,FALSE
"45",66,1,0,"African American",0,FALSE
"46",35,1,NA,"Caucasian",0,FALSE
"47",76,0,1,"Hispanic",0,TRUE
"48",26,1,0,"Hispanic",0,FALSE
"49",21,1,0,"African American",1,FALSE
"50",24,0,0,"African American",1,FALSE
"51",69,1,1,"African American",1,FALSE
"52",79,0,1,"Caucasian",0,FALSE
"53",58,0,1,"African American",1,FALSE
"54",31,0,NA,"African American",0,FALSE
"55",27,1,1,"African American",1,FALSE
"56",46,0,0,"African American",1,FALSE
"57",51,1,0,"Hispanic",1,FALSE
"58",83,1,1,"Hispanic",0,TRUE
"59",53,1,0,"Caucasian",0,FALSE
"60",48,0,1,"Hispanic",0,FALSE
"61",30,1,1,"Hispanic",0,FALSE
"62",19,1,1,"Caucasian",0,FALSE
"63",66,1,1,"Hispanic",1,TRUE
"64",54,1,0,"Hispanic",0,FALSE
"65",35,1,0,"African American",0,FALSE
"66",64,1,1,"African American",1,FALSE
"67",57,1,1,"Caucasian",1,FALSE
"68",31,0,0,"African American",1,FALSE
"69",70,0,NA,"African American",1,FALSE
"70",39,1,0,"African American",1,FALSE
"71",61,0,1,"Hispanic",0,TRUE
"72",46,1,1,"African American",1,FALSE
"73",57,1,0,"African American",1,FALSE
"74",82,1,1,"Hispanic",1,TRUE
"75",72,1,1,"African American",1,FALSE
"76",75,0,1,"African American",1,FALSE
"77",73,1,1,"African American",1,FALSE
"78",48,1,1,"Hispanic",1,FALSE
"79",50,1,1,"African American",1,FALSE
"80",58,1,0,"African American",1,FALSE
"81",21,1,0,"Hispanic",0,FALSE
"82",23,1,0,"Caucasian",0,FALSE
"83",40,1,0,"Caucasian",0,FALSE
"84",68,1,0,"Caucasian",0,FALSE
"85",22,1,NA,"African American",1,FALSE
"86",63,1,1,"African American",0,FALSE
"87",19,1,0,"African American",1,FALSE
"88",45,1,0,"Hispanic",0,FALSE
"89",28,1,0,"African American",0,FALSE
"90",25,0,1,"Hispanic",0,FALSE
"91",26,1,1,"Hispanic",0,FALSE
"92",58,1,1,"African American",1,FALSE
"93",22,0,1,"African American",0,FALSE
"94",18,1,0,"African American",1,FALSE
"95",31,0,0,"Hispanic",0,FALSE
"96",17,0,0,"Hispanic",0,FALSE
"97",40,0,1,"Hispanic",1,FALSE
"98",88,1,0,"Hispanic",1,TRUE
"99",53,1,0,"Hispanic",0,FALSE
"100",23,0,1,"Hispanic",0,FALSE
"101",58,1,1,"Caucasian",1,FALSE
"102",34,1,1,"Hispanic",1,FALSE
"103",25,1,NA,"African American",1,FALSE
"104",23,NA,0,"African American",1,FALSE
"105",40,1,1,"African American",1,FALSE
"106",41,1,1,"African American",1,FALSE
"107",29,0,0,"African American",0,FALSE
"108",19,1,1,"African American",0,FALSE
"109",31,1,0,"Hispanic",0,FALSE
"110",22,1,0,"Hispanic",0,FALSE
"111",57,1,0,"Hispanic",0,FALSE
"112",58,0,NA,"Hispanic",0,FALSE
"113",58,1,1,"Caucasian",0,FALSE
"114",57,0,1,"Caucasian",0,FALSE
"115",31,1,0,"African American",1,FALSE
"116",56,1,1,"Hispanic",0,FALSE
"117",65,0,0,"African American",1,FALSE
"118",45,0,1,"African American",0,FALSE
"119",65,1,1,"African American",0,FALSE
"120",55,1,1,"Caucasian",1,FALSE
"121",22,1,0,"African American",1,FALSE
"122",74,0,1,"African American",1,FALSE
"123",33,1,0,"African American",0,FALSE
"124",17,1,NA,"African American",1,FALSE
"125",48,NA,1,"African American",0,FALSE
"126",81,1,1,"African American",1,FALSE
"127",46,1,1,"African American",0,FALSE
"128",42,0,0,"African American",1,FALSE
"129",19,0,0,"Hispanic",0,FALSE
"130",66,1,1,"African American",1,FALSE
"131",49,0,1,"Caucasian",0,FALSE
"132",53,0,0,"Caucasian",0,FALSE
"133",51,1,0,"African American",0,FALSE
"134",23,0,0,"African American",1,FALSE
"135",48,1,0,"African American",1,FALSE
"136",76,0,1,"African American",1,FALSE
"137",85,1,1,"Caucasian",0,FALSE
"138",24,0,0,"Hispanic",1,FALSE
"139",54,0,NA,"African American",1,FALSE
"140",81,1,1,"African American",0,FALSE
"141",62,1,1,"African American",1,FALSE
"142",42,0,1,"Caucasian",0,FALSE
"143",43,1,1,"Hispanic",0,FALSE
"144",84,0,1,"Hispanic",0,TRUE
"145",57,1,1,"African American",1,FALSE
"146",57,1,1,"Caucasian",0,FALSE
"147",41,1,NA,"African American",0,FALSE
"148",19,1,0,"African American",0,FALSE
"149",31,0,1,"African American",1,FALSE
"150",38,1,0,"Hispanic",0,FALSE
"151",63,1,1,"African American",1,FALSE
"152",23,0,1,"African American",1,FALSE
"153",69,1,1,"African American",1,FALSE
"154",47,1,1,"African American",1,FALSE
"155",20,NA,0,"Hispanic",1,FALSE
"156",46,1,0,"African American",0,FALSE
"157",55,1,0,"African American",1,FALSE
"158",41,1,0,"Hispanic",1,FALSE
"159",27,0,0,"African American",0,FALSE
"160",24,1,0,"African American",1,FALSE
"161",47,1,1,"African American",1,FALSE
"162",70,0,NA,"Hispanic",1,TRUE
"163",57,1,1,"Caucasian",0,FALSE
"164",58,1,1,"African American",1,FALSE
"165",45,1,0,"African American",1,FALSE
"166",58,0,1,"African American",1,FALSE
"167",41,1,1,"Caucasian",0,FALSE
"168",36,0,0,"Caucasian",0,FALSE
"169",42,1,1,"African American",1,FALSE
"170",61,1,1,"African American",1,FALSE
"171",34,NA,1,"African American",1,FALSE
"172",22,0,1,"African American",1,FALSE
"173",43,0,0,"African American",0,FALSE
"174",55,1,1,"African American",1,FALSE
"175",61,1,NA,"African American",1,FALSE
"176",69,0,1,"Caucasian",1,FALSE
"177",49,1,1,"African American",1,FALSE
"178",31,1,0,"African American",1,FALSE
"179",50,1,1,"African American",1,FALSE
"180",18,0,0,"African American",1,FALSE
"181",43,0,1,"Hispanic",0,FALSE
"182",36,1,1,"African American",1,FALSE
"183",50,1,1,"Caucasian",1,FALSE
"184",49,1,1,"Hispanic",1,FALSE
"185",44,1,1,"African American",1,FALSE
"186",34,1,1,"African American",1,FALSE
"187",53,1,NA,"African American",1,FALSE
"188",50,0,1,"Caucasian",1,FALSE
"189",59,0,1,"Caucasian",0,FALSE
"190",56,1,1,"Caucasian",1,FALSE
"191",55,0,1,"African American",1,FALSE
"192",27,1,0,"Caucasian",1,FALSE
"193",38,0,1,"African American",0,FALSE
"194",38,1,1,"Hispanic",0,FALSE
"195",43,1,1,"African American",1,FALSE
"196",44,0,1,"African American",1,FALSE
"197",26,1,0,"African American",1,FALSE
"198",53,1,1,"African American",1,FALSE
"199",55,1,NA,"African American",1,FALSE
"200",23,0,1,"African American",1,FALSE
"201",25,1,1,"African American",1,FALSE
"202",40,1,1,"African American",1,FALSE
"203",26,1,1,"African American",1,FALSE
"204",58,1,1,"African American",1,FALSE
"205",37,1,1,"African American",1,FALSE
"206",19,1,0,"African American",1,FALSE
"207",77,1,1,"African American",1,FALSE
"208",62,0,1,"African American",1,FALSE
"209",75,1,1,"African American",1,FALSE
"210",56,1,1,"African American",1,FALSE
"211",57,NA,1,"African American",1,FALSE
"212",26,0,0,"African American",1,FALSE
"213",21,0,0,"African American",1,FALSE
"214",30,0,0,"African American",1,FALSE
"215",68,0,1,"Caucasian",0,FALSE
"216",51,1,1,"African American",1,FALSE
"217",75,1,1,"African American",1,FALSE
"218",18,1,0,"African American",1,FALSE
"219",42,1,0,"Hispanic",1,FALSE
"220",22,1,0,"Hispanic",0,FALSE
"221",45,1,0,"African American",1,FALSE
"222",22,1,1,"African American",1,FALSE
"223",72,0,1,"African American",1,FALSE
"224",60,1,1,"African American",1,FALSE
"225",52,1,1,"African American",1,FALSE
"226",61,0,0,"African American",1,FALSE
"227",66,1,1,"African American",1,FALSE
"228",23,1,0,"Hispanic",0,FALSE
"229",49,0,1,"Hispanic",0,FALSE
"230",51,1,0,"Hispanic",0,FALSE
"231",22,0,1,"African American",1,FALSE
"232",60,1,1,"African American",1,FALSE
"233",39,1,0,"African American",1,FALSE
"234",24,1,1,"African American",1,FALSE
"235",21,0,0,"African American",1,FALSE
"236",68,0,1,"Hispanic",0,TRUE
"237",68,1,0,"Hispanic",1,TRUE
"238",66,1,1,"Caucasian",1,FALSE
"239",19,1,1,"African American",0,FALSE
"240",32,1,0,"Hispanic",1,FALSE
"241",32,0,0,"Caucasian",1,FALSE
"242",68,1,1,"Caucasian",1,FALSE
"243",88,1,1,"Caucasian",1,FALSE
"244",62,0,1,"African American",1,FALSE
"245",32,0,0,"African American",1,FALSE
"246",68,1,1,"Hispanic",1,TRUE
"247",59,0,1,"Caucasian",1,FALSE
"248",56,1,1,"Caucasian",1,FALSE
"249",81,0,1,"African American",1,FALSE
"250",24,1,0,"African American",1,FALSE
"251",66,1,1,"African American",1,FALSE
"252",47,1,0,"African American",1,FALSE
"253",46,1,0,"African American",1,FALSE
"254",24,0,0,"African American",0,FALSE
"255",30,0,0,"African American",1,FALSE
"256",75,1,0,"Hispanic",1,TRUE
"257",44,1,1,"African American",1,FALSE
"258",46,0,0,"African American",1,FALSE
"259",23,1,0,"African American",1,FALSE
"260",60,1,1,"Hispanic",0,TRUE
"261",67,0,1,"Caucasian",1,FALSE
"262",62,0,1,"Caucasian",1,FALSE
"263",61,1,1,"Caucasian",1,FALSE
"264",27,0,1,"Caucasian",1,FALSE
"265",61,0,1,"Hispanic",1,TRUE
"266",27,1,0,"Hispanic",1,FALSE
"267",51,1,1,"African American",1,FALSE
"268",19,0,0,"Hispanic",0,FALSE
"269",43,1,0,"Hispanic",0,FALSE
"270",45,0,0,"Hispanic",0,FALSE
"271",51,1,1,"African American",1,FALSE
"272",31,0,0,"African American",1,FALSE
"273",30,0,0,"African American",1,FALSE
"274",50,0,1,"Caucasian",1,FALSE
"275",33,0,1,"Caucasian",0,FALSE
"276",19,0,0,"Hispanic",0,FALSE
"277",28,0,0,"African American",1,FALSE
"278",56,1,0,"African American",1,FALSE
"279",39,1,0,"African American",1,FALSE
"280",60,1,1,"Hispanic",0,TRUE
"281",36,1,0,"African American",1,FALSE
"282",25,1,1,"African American",1,FALSE
"283",30,0,0,"Hispanic",0,FALSE
"284",25,0,0,"Hispanic",0,FALSE
"285",25,0,0,"African American",1,FALSE
"286",41,0,1,"African American",1,FALSE
"287",18,0,0,"Hispanic",0,FALSE
"288",64,1,0,"Hispanic",1,TRUE
"289",54,1,1,"Caucasian",1,FALSE
"290",58,1,1,"African American",1,FALSE
"291",30,0,0,"Hispanic",0,FALSE
"292",28,1,1,"Caucasian",0,FALSE
"293",28,1,0,"African American",1,FALSE
"294",54,1,1,"Hispanic",1,FALSE
"295",51,0,0,"Hispanic",1,FALSE
"296",37,1,0,"Caucasian",0,FALSE
"297",62,0,1,"Hispanic",1,TRUE
"298",51,1,0,"Hispanic",1,FALSE
"299",42,1,1,"African American",1,FALSE
"300",51,0,1,"African American",1,FALSE
"301",37,1,1,"Hispanic",0,FALSE
"302",87,1,1,"Caucasian",1,FALSE
"303",54,0,1,"Hispanic",1,FALSE
"304",43,0,0,"African American",0,FALSE
"305",45,1,0,"African American",1,FALSE
"306",60,1,1,"Caucasian",1,FALSE
"307",64,0,1,"Caucasian",0,FALSE
"308",40,1,0,"African American",1,FALSE
"309",63,1,0,"Hispanic",0,TRUE
"310",62,0,1,"African American",1,FALSE
"311",61,1,1,"Caucasian",1,FALSE
"312",57,0,0,"Caucasian",0,FALSE
"313",61,1,1,"Caucasian",1,FALSE
"314",53,1,1,"African American",1,FALSE
"315",72,0,1,"Hispanic",1,TRUE
"316",63,0,0,"Hispanic",0,TRUE
"317",57,0,1,"Hispanic",0,FALSE
"318",32,1,0,"Hispanic",0,FALSE
"319",65,1,1,"African American",1,FALSE
"320",49,0,1,"Hispanic",0,FALSE
"321",55,0,1,"Hispanic",0,FALSE
"322",58,0,1,"Caucasian",1,FALSE
"323",67,0,1,"Caucasian",0,FALSE
"324",54,1,1,"Caucasian",0,FALSE
"325",52,1,1,"African American",1,FALSE
"326",34,0,0,"African American",0,FALSE
"327",22,1,0,"African American",0,FALSE
"328",44,0,1,"African American",0,FALSE
"329",71,1,1,"Hispanic",1,TRUE
"330",74,0,1,"Hispanic",1,TRUE
"331",38,0,1,"Hispanic",0,FALSE
"332",64,1,1,"Caucasian",1,FALSE
"333",24,1,0,"African American",1,FALSE
"334",46,1,1,"African American",1,FALSE
"335",51,0,1,"African American",1,FALSE
"336",76,1,1,"Caucasian",1,FALSE
"337",74,0,1,"Caucasian",0,FALSE
"338",71,1,1,"Hispanic",0,TRUE
"339",56,1,1,"African American",1,FALSE
"340",25,1,0,"Hispanic",0,FALSE
"341",45,0,0,"Hispanic",1,FALSE
"342",55,1,0,"Hispanic",1,FALSE
"343",52,1,0,"Hispanic",0,FALSE
"344",20,1,0,"Hispanic",0,FALSE
"345",20,1,0,"Hispanic",0,FALSE
"346",64,1,0,"Hispanic",0,TRUE
"347",59,1,1,"Caucasian",0,FALSE
"348",34,0,1,"African American",0,FALSE
"349",73,0,1,"African American",1,FALSE
"350",64,1,1,"African American",1,FALSE
"351",90,0,0,"Hispanic",1,TRUE
"352",27,1,1,"Caucasian",1,FALSE
"353",57,0,1,"Hispanic",0,FALSE
"354",56,0,1,"Hispanic",0,FALSE
"355",71,0,0,"Hispanic",1,TRUE
"356",66,1,0,"Hispanic",0,TRUE
"357",69,0,1,"Hispanic",1,TRUE
"358",18,0,0,"Hispanic",1,FALSE
"359",18,1,1,"Hispanic",0,FALSE
"360",20,0,0,"Hispanic",1,FALSE
"361",65,1,1,"Hispanic",1,TRUE
"362",46,1,0,"Hispanic",0,FALSE
"363",41,0,0,"Hispanic",1,FALSE
"364",21,1,0,"Hispanic",0,FALSE
"365",47,0,1,"African American",1,FALSE
"366",53,1,0,"Hispanic",1,FALSE
"367",60,0,0,"Hispanic",1,TRUE
"368",19,1,0,"Hispanic",1,FALSE
"369",34,0,1,"Caucasian",0,FALSE
"370",36,1,1,"Caucasian",0,FALSE
"371",29,1,0,"Hispanic",0,FALSE
"372",51,0,1,"Hispanic",0,FALSE
"373",50,1,1,"Hispanic",0,FALSE
"374",87,1,0,"Hispanic",0,TRUE
"375",47,1,1,"Hispanic",0,FALSE
"376",19,1,0,"Hispanic",1,FALSE
"377",24,0,0,"African American",1,FALSE
"378",52,1,0,"Hispanic",1,FALSE
"379",46,0,0,"Caucasian",1,FALSE
"380",39,1,0,"Hispanic",1,FALSE
"381",65,1,1,"African American",1,FALSE
"382",42,1,0,"Hispanic",0,FALSE
"383",56,1,1,"Hispanic",0,FALSE
"384",56,0,1,"Caucasian",0,FALSE
"385",54,1,1,"Hispanic",0,FALSE
"386",30,1,1,"African American",1,FALSE
"387",20,0,1,"Hispanic",0,FALSE
"388",51,0,1,"Hispanic",0,FALSE
"389",60,0,1,"Caucasian",1,FALSE
"390",61,0,1,"Hispanic",0,TRUE
"391",58,1,1,"Hispanic",0,FALSE
"392",24,0,0,"Hispanic",0,FALSE
"393",43,0,1,"African American",1,FALSE
"394",40,1,1,"African American",0,FALSE
"395",77,0,1,"Caucasian",0,FALSE
"396",24,0,0,"African American",1,FALSE
"397",55,0,1,"Hispanic",0,FALSE
"398",40,1,1,"Caucasian",0,FALSE
"399",72,1,1,"African American",1,FALSE
"400",55,1,1,"African American",1,FALSE
"401",62,1,1,"Hispanic",0,TRUE
"402",27,1,1,"Hispanic",0,FALSE
"403",57,1,0,"Hispanic",0,FALSE
"404",63,1,1,"Hispanic",0,TRUE
"405",26,0,0,"Hispanic",0,FALSE
"406",53,1,0,"Hispanic",0,FALSE
"407",53,0,0,"Caucasian",0,FALSE
"408",43,1,1,"African American",1,FALSE
"409",71,1,0,"African American",1,FALSE
"410",27,0,0,"African American",0,FALSE
"411",30,1,1,"African American",1,FALSE
"412",63,0,1,"Caucasian",1,FALSE
"413",60,0,0,"Caucasian",1,FALSE
"414",59,0,1,"Caucasian",0,FALSE
"415",43,0,1,"Caucasian",0,FALSE
"416",80,1,1,"Caucasian",1,FALSE
"417",53,0,1,"Caucasian",1,FALSE
"418",48,1,1,"Caucasian",0,FALSE
"419",27,0,0,"African American",1,FALSE
"420",34,0,1,"African American",0,FALSE
"421",61,1,1,"African American",0,FALSE
"422",24,0,0,"African American",1,FALSE
"423",30,0,0,"African American",1,FALSE
"424",62,1,0,"African American",1,FALSE
"425",66,1,0,"African American",1,FALSE
"426",54,1,0,"Hispanic",1,FALSE
"427",59,0,1,"Hispanic",0,FALSE
"428",25,0,0,"African American",1,FALSE
"429",62,0,1,"African American",1,FALSE
"430",23,1,0,"Asian",0,FALSE
"431",23,1,0,"African American",1,FALSE
"432",44,1,0,"Hispanic",0,FALSE
"433",56,0,1,"Hispanic",1,FALSE
"434",56,1,1,"Hispanic",1,FALSE
"435",24,1,1,"Hispanic",1,FALSE
"436",35,1,1,"Hispanic",1,FALSE
"437",62,0,1,"African American",0,FALSE
"438",61,1,1,"African American",1,FALSE
"439",55,1,1,"Hispanic",0,FALSE
"440",56,1,1,"Caucasian",1,FALSE
"441",19,0,0,"Caucasian",0,FALSE
"442",47,1,1,"Hispanic",0,FALSE
"443",42,0,1,"Hispanic",0,FALSE
"444",58,1,1,"Caucasian",0,FALSE
"445",65,0,1,"Caucasian",1,FALSE
"446",50,1,0,"Hispanic",0,FALSE
"447",80,0,1,"Caucasian",1,FALSE
"448",69,1,1,"Caucasian",1,FALSE
"449",53,1,0,"Caucasian",0,FALSE
"450",56,0,1,"Caucasian",1,FALSE
"451",30,0,1,"Hispanic",0,FALSE
"452",20,0,0,"African American",1,FALSE
"453",41,1,1,"Hispanic",0,FALSE
"454",52,1,1,"Hispanic",0,FALSE
"455",44,1,1,"African American",1,FALSE
"456",18,1,1,"Hispanic",0,FALSE
"457",46,1,1,"Hispanic",1,FALSE
"458",42,1,0,"Hispanic",1,FALSE
"459",25,1,0,"Hispanic",0,FALSE
"460",49,1,1,"Caucasian",0,FALSE
"461",28,0,0,"Hispanic",1,FALSE
"462",57,1,1,"Caucasian",0,FALSE
"463",53,0,1,"Hispanic",0,FALSE
"464",24,0,0,"Hispanic",0,FALSE
"465",77,1,1,"Hispanic",0,TRUE
"466",73,0,1,"Hispanic",0,TRUE
"467",60,1,0,"Caucasian",0,FALSE
"468",21,0,0,"Asian",0,FALSE
"469",52,1,1,"Caucasian",0,FALSE
"470",61,0,0,"Caucasian",1,FALSE
"471",77,0,1,"Hispanic",0,TRUE
"472",44,0,1,"Hispanic",0,FALSE
"473",22,0,0,"Hispanic",1,FALSE
"474",53,1,1,"Hispanic",0,FALSE
"475",23,0,0,"Hispanic",0,FALSE
"476",59,1,0,"African American",1,FALSE
"477",47,0,0,"Hispanic",1,FALSE
"478",63,0,1,"Hispanic",0,TRUE
"479",52,1,1,"Hispanic",0,FALSE
"480",49,0,1,"Caucasian",0,FALSE
"481",33,1,0,"Hispanic",0,FALSE
"482",33,0,1,"Hispanic",0,FALSE
"483",59,0,1,"Hispanic",0,FALSE
"484",61,1,1,"Hispanic",0,TRUE
"485",75,0,1,"Hispanic",0,TRUE
"486",29,1,0,"Hispanic",0,FALSE
"487",52,0,1,"Caucasian",1,FALSE
"488",52,1,1,"Hispanic",1,FALSE
"489",54,1,1,"Hispanic",1,FALSE
"490",66,0,1,"Hispanic",1,TRUE
"491",42,0,1,"African American",1,FALSE
"492",37,0,0,"Hispanic",0,FALSE
"493",83,0,0,"Hispanic",0,TRUE
"494",30,1,1,"Hispanic",0,FALSE
"495",33,1,0,"Hispanic",0,FALSE
"496",77,0,1,"Caucasian",0,FALSE
"497",66,1,0,"Hispanic",0,TRUE
"498",64,0,1,"Caucasian",1,FALSE
"499",76,1,1,"Caucasian",1,FALSE
"500",55,0,0,"Hispanic",1,FALSE
"501",53,1,1,"African American",1,FALSE
"502",72,1,1,"Hispanic",1,TRUE
"503",49,1,1,"Caucasian",1,FALSE
"504",36,1,1,"Caucasian",1,FALSE
"505",62,1,1,"Caucasian",1,FALSE
"506",52,1,1,"Hispanic",1,FALSE
"507",24,1,1,"Hispanic",0,FALSE
"508",62,0,1,"Caucasian",1,FALSE
"509",41,1,0,"Caucasian",0,FALSE
"510",36,1,1,"African American",1,FALSE
"511",45,1,1,"Hispanic",0,FALSE
"512",46,0,1,"Hispanic",0,FALSE
"513",40,1,0,"Hispanic",1,FALSE
"514",66,1,1,"Caucasian",0,FALSE
"515",40,1,1,"African American",1,FALSE
"516",39,0,1,"African American",1,FALSE
"517",41,0,0,"Hispanic",0,FALSE
"518",55,1,0,"Hispanic",0,FALSE
"519",46,1,0,"Caucasian",0,FALSE
"520",24,0,1,"Hispanic",0,FALSE
"521",19,0,1,"Hispanic",0,FALSE
"522",29,0,0,"Hispanic",1,FALSE
"523",51,1,1,"Caucasian",0,FALSE
"524",55,NA,0,"African American",1,FALSE
"525",58,1,1,"African American",1,FALSE
"526",40,0,NA,"Caucasian",0,FALSE
"527",34,1,1,"Caucasian",0,FALSE
"528",19,1,0,"Hispanic",0,FALSE
"529",49,0,NA,"Hispanic",0,FALSE
"530",42,1,0,"Hispanic",0,FALSE
"531",74,NA,0,"Caucasian",1,FALSE
"532",48,1,1,"Hispanic",0,FALSE
"533",76,1,1,"Hispanic",0,TRUE
"534",64,1,1,"Hispanic",0,TRUE
"535",41,0,0,"Hispanic",0,FALSE
"536",43,1,1,"African American",1,FALSE
"537",19,1,1,"African American",1,FALSE
"538",69,NA,1,"Hispanic",1,TRUE
"539",69,1,1,"Hispanic",1,TRUE
"540",60,0,1,"Caucasian",0,FALSE
"541",60,1,1,"Hispanic",0,TRUE
"542",69,0,1,"Caucasian",1,FALSE
"543",23,1,1,"Hispanic",0,FALSE
"544",47,1,1,"Caucasian",0,FALSE
"545",53,0,1,"Hispanic",1,FALSE
"546",42,0,0,"Hispanic",1,FALSE
"547",68,1,0,"Hispanic",1,TRUE
"548",25,1,1,"Hispanic",0,FALSE
"549",69,1,0,"Caucasian",1,FALSE
"550",50,0,1,"Hispanic",0,FALSE
"551",51,0,1,"Hispanic",0,FALSE
"552",72,0,1,"Caucasian",1,FALSE
"553",59,1,0,"Caucasian",0,FALSE
"554",69,0,1,"Hispanic",0,TRUE
"555",66,1,1,"Hispanic",0,TRUE
"556",34,1,1,"Hispanic",1,FALSE
"557",69,0,1,"Caucasian",0,FALSE
"558",29,0,0,"Hispanic",0,FALSE
"559",34,1,0,"Hispanic",0,FALSE
"560",42,1,1,"Caucasian",0,FALSE
"561",64,1,1,"Caucasian",1,FALSE
"562",23,1,0,"Hispanic",0,FALSE
"563",56,0,1,"Hispanic",0,FALSE
"564",39,1,1,"Hispanic",0,FALSE
"565",47,0,1,"Hispanic",1,FALSE
"566",54,1,1,"Hispanic",0,FALSE
"567",24,1,0,"African American",1,FALSE
"568",80,1,1,"Caucasian",1,FALSE
"569",39,0,1,"Caucasian",1,FALSE
"570",38,0,1,"Caucasian",1,FALSE
"571",52,0,1,"Hispanic",1,FALSE
"572",50,1,1,"Hispanic",1,FALSE
"573",41,0,0,"Caucasian",0,FALSE
"574",38,1,1,"African American",1,FALSE
"575",43,0,1,"Caucasian",1,FALSE
"576",43,1,1,"Caucasian",1,FALSE
"577",43,1,1,"Caucasian",1,FALSE
"578",30,0,1,"Hispanic",0,FALSE
"579",28,1,1,"Hispanic",0,FALSE
"580",76,1,1,"Hispanic",0,TRUE
"581",54,1,1,"Hispanic",0,FALSE
"582",36,0,1,"Hispanic",1,FALSE
"583",54,1,1,"Hispanic",0,FALSE
"584",21,1,0,"Hispanic",0,FALSE
"585",53,1,0,"Hispanic",0,FALSE
"586",55,1,1,"Hispanic",1,FALSE
"587",61,1,1,"Caucasian",0,FALSE
"588",65,1,1,"Caucasian",1,FALSE
"589",63,1,1,"Caucasian",0,FALSE
"590",21,NA,0,"Caucasian",0,FALSE
"591",25,0,0,"African American",0,FALSE
"592",52,1,0,"African American",1,FALSE
"593",26,1,0,"African American",1,FALSE
"594",19,0,0,"African American",1,FALSE
"595",80,0,1,"Caucasian",0,FALSE
"596",37,1,1,"Hispanic",1,FALSE
"597",40,1,1,"Hispanic",1,FALSE
"598",47,1,1,"Hispanic",0,FALSE
"599",47,0,NA,"Caucasian",0,FALSE
"600",65,1,0,"Hispanic",0,TRUE
"601",26,1,1,"Hispanic",1,FALSE
"602",25,0,1,"Hispanic",0,FALSE
"603",64,NA,1,"Caucasian",0,FALSE
"604",31,1,0,"African American",1,FALSE
"605",41,1,1,"African American",0,FALSE
"606",55,1,1,"Caucasian",0,FALSE
"607",38,1,1,"African American",1,FALSE
"608",29,0,0,"African American",1,FALSE
"609",71,1,1,"Caucasian",1,FALSE
"610",23,1,1,"African American",1,FALSE
"611",63,1,1,"Caucasian",0,FALSE
"612",62,0,1,"Caucasian",1,FALSE
"613",73,1,1,"Caucasian",1,FALSE
"614",68,0,NA,"Caucasian",1,FALSE
"615",53,0,0,"African American",1,FALSE
"616",29,1,1,"Hispanic",1,FALSE
"617",20,1,0,"African American",1,FALSE
"618",61,1,1,"African American",1,FALSE
"619",37,0,0,"Caucasian",0,FALSE
"620",51,1,NA,"Hispanic",0,FALSE
"621",40,1,1,"African American",1,FALSE
"622",19,1,0,"African American",0,FALSE
"623",43,0,0,"African American",1,FALSE
"624",51,1,1,"African American",1,FALSE
"625",27,0,0,"African American",0,FALSE
"626",68,0,1,"Caucasian",0,FALSE
"627",25,1,1,"Hispanic",1,FALSE
"628",47,1,0,"African American",1,FALSE
"629",32,0,1,"Hispanic",1,FALSE
"630",38,1,0,"Hispanic",0,FALSE
"631",49,NA,1,"African American",1,FALSE
"632",26,0,0,"African American",1,FALSE
"633",20,1,0,"African American",1,FALSE
"634",44,0,1,"African American",0,FALSE
"635",66,1,1,"African American",1,FALSE
"636",26,1,1,"African American",1,FALSE
"637",59,0,1,"Hispanic",0,FALSE
"638",77,0,1,"Hispanic",1,TRUE
"639",72,1,0,"Hispanic",1,TRUE
"640",30,1,1,"African American",1,FALSE
"641",21,1,0,"Hispanic",1,FALSE
"642",73,1,0,"Hispanic",0,TRUE
"643",31,1,1,"Caucasian",1,FALSE
"644",20,1,0,"Caucasian",1,FALSE
"645",41,0,0,"African American",1,FALSE
"646",17,1,0,"Hispanic",1,FALSE
"647",16,0,0,"Hispanic",1,FALSE
"648",51,1,0,"Hispanic",1,FALSE
"649",24,0,0,"Hispanic",1,FALSE
"650",60,1,1,"African American",1,FALSE
"651",47,1,1,"African American",1,FALSE
"652",30,1,0,"Caucasian",0,FALSE
"653",59,1,1,"Hispanic",0,FALSE
"654",67,0,1,"Caucasian",0,FALSE
"655",23,NA,0,"Hispanic",0,FALSE
"656",20,1,0,"Hispanic",0,FALSE
"657",53,0,0,"Hispanic",1,FALSE
"658",64,1,1,"Hispanic",0,TRUE
"659",29,1,1,"Hispanic",1,FALSE
"660",38,1,1,"African American",1,FALSE
"661",62,0,1,"Caucasian",1,FALSE
"662",32,1,1,"Hispanic",1,FALSE
"663",42,1,1,"Caucasian",1,FALSE
"664",63,1,1,"Caucasian",0,FALSE
"665",68,1,1,"African American",1,FALSE
"666",35,1,1,"Caucasian",0,FALSE
"667",71,NA,1,"African American",1,FALSE
"668",18,1,0,"African American",1,FALSE
"669",26,1,1,"African American",1,FALSE
"670",22,1,0,"Hispanic",0,FALSE
"671",19,1,0,"Hispanic",NA,FALSE
"672",56,1,0,"Caucasian",1,FALSE
"673",84,1,1,"Hispanic",0,TRUE
"674",25,1,0,"Hispanic",1,FALSE
"675",19,0,1,"Hispanic",0,FALSE
"676",31,1,0,"Hispanic",0,FALSE
"677",54,1,1,"African American",1,FALSE
"678",44,0,1,"Hispanic",0,FALSE
"679",43,1,1,"Hispanic",0,FALSE
"680",68,1,1,"Asian",1,FALSE
"681",32,1,1,"African American",0,FALSE
"682",61,NA,1,"African American",1,FALSE
"683",43,1,1,"African American",1,FALSE
"684",59,0,0,"Caucasian",0,FALSE
"685",63,1,1,"Hispanic",0,TRUE
"686",48,1,0,"Hispanic",0,FALSE
"687",39,1,0,"African American",1,FALSE
"688",49,0,1,"Hispanic",0,FALSE
"689",39,1,1,"Hispanic",0,FALSE
"690",60,1,1,"African American",1,FALSE
"691",35,0,1,"Hispanic",1,FALSE
"692",18,1,0,"African American",0,FALSE
"693",45,1,0,"African American",0,FALSE
"694",48,1,1,"African American",1,FALSE
"695",72,1,1,"Caucasian",1,FALSE
"696",66,1,1,"African American",NA,FALSE
"697",34,0,1,"African American",1,FALSE
"698",65,0,1,"Hispanic",0,TRUE
"699",28,1,1,"African American",1,FALSE
"700",53,1,1,"African American",1,FALSE
"701",51,0,1,"Hispanic",0,FALSE
"702",43,1,0,"Hispanic",0,FALSE
"703",43,0,0,"Hispanic",0,FALSE
"704",58,1,1,"Hispanic",0,FALSE
"705",32,1,0,"African American",1,FALSE
"706",33,0,1,"Hispanic",0,FALSE
"707",44,0,0,"Hispanic",0,FALSE
"708",40,1,1,"Hispanic",0,FALSE
"709",41,0,1,"Hispanic",0,FALSE
"710",68,1,1,"Hispanic",0,TRUE
"711",35,1,0,"African American",1,FALSE
"712",25,1,1,"African American",1,FALSE
"713",19,0,0,"African American",1,FALSE
"714",56,1,1,"African American",1,FALSE
"715",66,1,1,"Caucasian",1,FALSE
"716",42,0,1,"Caucasian",0,FALSE
"717",34,0,1,"African American",1,FALSE
"718",50,0,1,"Caucasian",1,FALSE
"719",51,0,1,"Hispanic",0,FALSE
"720",19,1,1,"Hispanic",0,FALSE
"721",64,1,0,"African American",1,FALSE
"722",44,0,0,"African American",1,FALSE
"723",50,1,0,"African American",1,FALSE
"724",53,1,1,"African American",1,FALSE
"725",41,1,1,"Caucasian",0,FALSE
"726",19,1,0,"Caucasian",0,FALSE
"727",55,1,1,"African American",1,FALSE
"728",60,0,1,"African American",0,FALSE
"729",23,0,0,"African American",1,FALSE
"730",70,0,1,"African American",1,FALSE
"731",51,1,1,"African American",1,FALSE
"732",32,0,0,"African American",1,FALSE
"733",53,1,1,"African American",1,FALSE
"734",23,1,0,"Hispanic",0,FALSE
"735",36,1,1,"African American",1,FALSE
"736",66,0,1,"Hispanic",1,TRUE
"737",24,0,1,"African American",1,FALSE
"738",55,1,1,"African American",1,FALSE
"739",22,0,0,"African American",1,FALSE
"740",59,1,1,"Hispanic",1,FALSE
"741",40,1,1,"African American",1,FALSE
"742",25,1,1,"Hispanic",0,FALSE
"743",20,1,0,"Hispanic",0,FALSE
"744",58,0,1,"African American",1,FALSE
"745",71,0,1,"Caucasian",1,FALSE
"746",39,1,1,"Hispanic",0,FALSE
"747",42,0,0,"African American",0,FALSE
"748",23,0,1,"African American",0,FALSE
"749",58,0,1,"Hispanic",0,FALSE
"750",28,1,1,"Hispanic",0,FALSE
"751",37,0,1,"African American",NA,FALSE
"752",23,1,0,"Caucasian",0,FALSE
"753",49,0,1,"African American",1,FALSE
"754",29,1,0,"African American",1,FALSE
"755",45,1,0,"Hispanic",0,FALSE
"756",52,1,1,"African American",1,FALSE
"757",20,0,0,"African American",1,FALSE
"758",73,0,1,"African American",1,FALSE
"759",63,0,1,"African American",1,FALSE
"760",30,1,1,"African American",1,FALSE
"761",31,1,0,"Hispanic",0,FALSE
"762",30,1,0,"Hispanic",0,FALSE
"763",77,0,1,"Caucasian",1,FALSE
"764",67,1,1,"Caucasian",1,FALSE
"765",29,1,0,"Caucasian",0,FALSE
"766",19,0,0,"African American",1,FALSE
"767",21,1,1,"African American",1,FALSE
"768",27,0,1,"Hispanic",1,FALSE
"769",37,1,1,"African American",1,FALSE
"770",19,0,0,"African American",NA,FALSE
"771",55,0,1,"African American",1,FALSE
"772",43,1,0,"Hispanic",1,FALSE
"773",57,0,0,"Hispanic",0,FALSE
"774",65,0,1,"Caucasian",1,FALSE
"775",46,0,1,"Caucasian",1,FALSE
"776",54,0,1,"Caucasian",1,FALSE
"777",73,0,1,"African American",1,FALSE
"778",24,1,1,"African American",1,FALSE
"779",20,0,1,"African American",1,FALSE
"780",66,0,1,"Caucasian",0,FALSE
"781",20,0,1,"Hispanic",1,FALSE
"782",19,0,1,"African American",1,FALSE
"783",44,0,1,"Hispanic",0,FALSE
"784",63,0,0,"African American",1,FALSE
"785",22,1,1,"African American",NA,FALSE
"786",25,0,1,"African American",1,FALSE
"787",66,1,1,"Caucasian",0,FALSE
"788",48,0,0,"Caucasian",1,FALSE
"789",57,1,0,"Caucasian",1,FALSE
"790",58,0,1,"Caucasian",1,FALSE
"791",65,0,1,"African American",1,FALSE
"792",21,0,0,"African American",1,FALSE
"793",43,1,1,"African American",1,FALSE
"794",58,1,1,"African American",1,FALSE
"795",21,1,0,"African American",0,FALSE
"796",63,1,1,"African American",1,FALSE
"797",64,1,1,"African American",1,FALSE
"798",73,1,1,"African American",1,FALSE
"799",53,1,1,"African American",1,FALSE
"800",61,1,1,"African American",1,FALSE
"801",37,1,1,"African American",1,FALSE
"802",22,0,0,"Hispanic",1,FALSE
"803",55,1,0,"African American",1,FALSE
"804",33,1,0,"African American",1,FALSE
"805",72,1,0,"African American",1,FALSE
"806",19,1,0,"African American",1,FALSE
"807",38,1,0,"African American",1,FALSE
"808",34,1,1,"African American",0,FALSE
"809",38,0,0,"African American",1,FALSE
"810",46,0,1,"African American",1,FALSE
"811",45,1,1,"African American",0,FALSE
"812",70,1,1,"African American",1,FALSE
"813",38,1,1,"African American",0,FALSE
"814",19,0,1,"African American",1,FALSE
"815",30,0,1,"Caucasian",1,FALSE
"816",66,1,1,"African American",1,FALSE
"817",75,1,1,"African American",1,FALSE
"818",56,1,1,"African American",1,FALSE
"819",20,1,0,"African American",1,FALSE
"820",68,1,1,"African American",1,FALSE
"821",45,1,0,"African American",1,FALSE
"822",45,1,1,"African American",1,FALSE
"823",19,1,0,"African American",1,FALSE
"824",69,1,1,"African American",1,FALSE
"825",77,0,1,"African American",1,FALSE
"826",24,1,1,"African American",NA,FALSE
"827",30,0,1,"Native American",1,FALSE
"828",41,1,1,"African American",1,FALSE
"829",66,1,1,"African American",0,FALSE
"830",71,1,0,"African American",1,FALSE
"831",35,1,0,"African American",1,FALSE
"832",32,1,0,"African American",1,FALSE
"833",56,NA,1,"African American",1,FALSE
"834",61,0,1,"African American",1,FALSE
"835",21,1,0,"African American",0,FALSE
"836",18,0,0,"African American",1,FALSE
"837",21,1,1,"Hispanic",1,FALSE
"838",53,0,1,"Hispanic",0,FALSE
"839",39,1,0,"Hispanic",0,FALSE
"840",36,0,1,"African American",1,FALSE
"841",35,1,0,"Hispanic",0,FALSE
"842",65,1,0,"African American",1,FALSE
"843",24,1,0,"Hispanic",0,FALSE
"844",52,1,1,"African American",1,FALSE
"845",27,0,0,"African American",1,FALSE
"846",89,1,1,"Hispanic",1,TRUE
"847",18,1,0,"Caucasian",0,FALSE
"848",24,0,0,"Caucasian",0,FALSE
"849",36,1,1,"Hispanic",0,FALSE
"850",64,1,1,"African American",1,FALSE
"851",45,0,1,"African American",1,FALSE
"852",20,1,0,"African American",1,FALSE
"853",58,1,1,"Caucasian",1,FALSE
"854",49,0,1,"African American",1,FALSE
"855",56,0,1,"African American",1,FALSE
"856",55,1,1,"African American",1,FALSE
"857",61,1,1,"African American",1,FALSE
"858",20,0,1,"African American",1,FALSE
"859",50,0,1,"African American",0,FALSE
"860",49,1,1,"African American",1,FALSE
"861",67,0,NA,"Caucasian",1,FALSE
"862",24,1,1,"Caucasian",1,FALSE
"863",33,0,0,"Hispanic",1,FALSE
"864",35,0,0,"Hispanic",0,FALSE
"865",24,1,0,"Hispanic",1,FALSE
"866",35,1,1,"Native American",1,FALSE
"867",27,0,1,"Hispanic",1,FALSE
"868",65,1,1,"African American",1,FALSE
"869",26,1,1,"African American",1,FALSE
"870",52,0,1,"Hispanic",0,FALSE
"871",85,1,1,"Hispanic",0,TRUE
"872",33,1,1,"African American",1,FALSE
"873",46,1,0,"Hispanic",0,FALSE
"874",52,0,0,"Hispanic",0,FALSE
"875",47,0,1,"Hispanic",0,FALSE
"876",36,1,1,"Hispanic",1,FALSE
"877",19,0,0,"African American",1,FALSE
"878",22,1,0,"African American",0,FALSE
"879",51,1,1,"African American",1,FALSE
"880",26,1,0,"Hispanic",1,FALSE
"881",68,0,1,"African American",1,FALSE
"882",73,1,1,"African American",1,FALSE
"883",58,0,1,"Hispanic",0,FALSE
"884",42,1,1,"African American",0,FALSE
"885",45,0,0,"African American",1,FALSE
"886",35,0,1,"African American",1,FALSE
"887",58,1,1,"African American",1,FALSE
"888",58,1,0,"Hispanic",1,FALSE
"889",26,1,0,"Hispanic",0,FALSE
"890",26,0,0,"African American",0,FALSE
"891",54,1,1,"Hispanic",0,FALSE
"892",24,0,1,"African American",0,FALSE
"893",49,1,1,"Hispanic",0,FALSE
"894",29,1,0,"Hispanic",0,FALSE
"895",31,0,0,"Hispanic",0,FALSE
"896",66,1,1,"African American",1,FALSE
"897",67,0,1,"African American",1,FALSE
"898",30,1,1,"Hispanic",0,FALSE
"899",66,0,0,"Hispanic",0,TRUE
"900",20,0,1,"African American",1,FALSE
"901",61,1,1,"African American",1,FALSE
"902",33,0,0,"African American",1,FALSE
"903",51,0,0,"African American",1,FALSE
"904",21,1,0,"African American",1,FALSE
"905",55,0,1,"Hispanic",0,FALSE
"906",54,0,1,"Hispanic",1,FALSE
"907",37,1,1,"African American",0,FALSE
"908",32,1,1,"African American",1,FALSE
"909",28,1,1,"African American",1,FALSE
"910",21,1,0,"African American",1,FALSE
"911",32,1,1,"Hispanic",1,FALSE
"912",19,1,0,"Hispanic",1,FALSE
"913",21,1,1,"Hispanic",1,FALSE
"914",52,1,1,"Hispanic",1,FALSE
"915",23,1,0,"African American",0,FALSE
"916",46,1,1,"African American",1,FALSE
"917",21,1,0,"African American",0,FALSE
"918",61,1,1,"African American",1,FALSE
"919",64,1,1,"African American",0,FALSE
"920",52,0,0,"Hispanic",0,FALSE
"921",59,1,0,"African American",1,FALSE
"922",45,1,1,"Caucasian",1,FALSE
"923",58,1,1,"Hispanic",1,FALSE
"924",66,0,NA,"Caucasian",0,FALSE
"925",22,1,1,"Hispanic",1,FALSE
"926",53,1,1,"African American",1,FALSE
"927",54,1,1,"Hispanic",0,FALSE
"928",24,0,0,"African American",0,FALSE
"929",78,1,0,"Hispanic",0,TRUE
"930",31,1,1,"Hispanic",0,FALSE
"931",54,0,0,"Hispanic",1,FALSE
"932",19,0,1,"Hispanic",0,FALSE
"933",21,0,0,"African American",0,FALSE
"934",42,1,1,"African American",1,FALSE
"935",37,0,1,"Hispanic",1,FALSE
"936",67,0,1,"Hispanic",0,TRUE
"937",65,1,1,"African American",0,FALSE
"938",46,0,0,"Caucasian",0,FALSE
"939",68,1,0,"Caucasian",0,FALSE
"940",48,1,0,"Caucasian",0,FALSE
"941",67,1,1,"African American",1,FALSE
"942",54,1,0,"Asian",1,FALSE
"943",48,1,0,"African American",1,FALSE
"944",44,1,0,"African American",1,FALSE
"945",18,1,0,"African American",1,FALSE
"946",56,1,1,"African American",1,FALSE
"947",60,0,1,"African American",1,FALSE
"948",56,0,0,"Hispanic",1,FALSE
"949",21,0,0,"Hispanic",0,FALSE
"950",22,0,1,"African American",0,FALSE
"951",33,0,0,"Caucasian",1,FALSE
"952",55,1,0,"Hispanic",1,FALSE
"953",78,1,1,"Caucasian",0,FALSE
"954",55,0,1,"African American",0,FALSE
"955",61,0,1,"Hispanic",0,TRUE
"956",25,0,1,"Hispanic",0,FALSE
"957",30,NA,0,"Hispanic",0,FALSE
"958",77,0,1,"African American",1,FALSE
"959",24,1,1,"African American",0,FALSE
"960",67,1,1,"African American",1,FALSE
"961",20,1,0,"African American",0,FALSE
"962",49,0,0,"African American",1,FALSE
"963",65,1,1,"African American",1,FALSE
"964",42,1,0,"Hispanic",1,FALSE
"965",21,1,0,"Hispanic",1,FALSE
"966",30,1,1,"Hispanic",0,FALSE
"967",32,0,0,"Hispanic",1,FALSE
"968",23,1,1,"African American",1,FALSE
"969",48,1,1,"African American",1,FALSE
"970",20,1,1,"African American",1,FALSE
"971",22,1,1,"African American",1,FALSE
"972",72,0,1,"African American",1,FALSE
"973",20,1,0,"African American",1,FALSE
"974",35,1,1,"African American",1,FALSE
"975",26,1,1,"Hispanic",1,FALSE
"976",59,1,0,"African American",NA,FALSE
"977",68,1,1,"African American",0,FALSE
"978",73,0,1,"African American",0,FALSE
"979",61,1,1,"Hispanic",0,TRUE
"980",50,1,1,"Hispanic",0,FALSE
"981",57,0,1,"African American",1,FALSE
"982",84,1,0,"African American",1,FALSE
"983",28,0,0,"African American",0,FALSE
"984",56,NA,0,"Hispanic",1,FALSE
"985",30,1,0,"Hispanic",0,FALSE
"986",70,0,1,"Caucasian",0,FALSE
"987",52,0,1,"Caucasian",1,FALSE
"988",53,1,NA,"Caucasian",1,FALSE
"989",19,1,0,"Caucasian",1,FALSE
"990",44,1,1,"Asian",1,FALSE
"991",51,0,1,"Asian",0,FALSE
"992",34,1,1,"Hispanic",0,FALSE
"993",59,1,1,"Hispanic",1,FALSE
"994",19,1,1,"Hispanic",0,FALSE
"995",21,0,0,"Hispanic",1,FALSE
"996",50,0,0,"Caucasian",0,FALSE
"997",40,1,1,"Hispanic",1,FALSE
"998",50,0,1,"Hispanic",1,FALSE
"999",26,0,1,"Caucasian",0,FALSE
"1000",66,1,1,"Caucasian",0,FALSE
"1001",45,1,1,"Hispanic",NA,FALSE
"1002",49,1,1,"Hispanic",0,FALSE
"1003",60,1,1,"Caucasian",1,FALSE
"1004",31,0,1,"Hispanic",0,FALSE
"1005",50,1,1,"Caucasian",0,FALSE
"1006",53,0,1,"Caucasian",0,FALSE
"1007",54,NA,1,"Caucasian",0,FALSE
"1008",68,0,1,"Caucasian",0,FALSE
"1009",61,0,0,"Hispanic",1,TRUE
"1010",59,1,1,"Hispanic",0,FALSE
"1011",29,0,0,"Hispanic",0,FALSE
"1012",66,1,1,"Hispanic",1,TRUE
"1013",21,0,0,"Caucasian",1,FALSE
"1014",68,0,1,"Hispanic",1,TRUE
"1015",31,0,0,"Hispanic",1,FALSE
"1016",69,1,1,"Hispanic",0,TRUE
"1017",70,0,1,"Hispanic",0,TRUE
"1018",45,1,0,"Hispanic",0,FALSE
"1019",73,1,0,"Hispanic",1,TRUE
"1020",35,1,0,"Hispanic",1,FALSE
"1021",91,0,0,"Caucasian",1,FALSE
"1022",23,0,1,"Hispanic",0,FALSE
"1023",53,0,0,"Hispanic",0,FALSE
"1024",52,1,0,"Hispanic",1,FALSE
"1025",24,1,1,"Hispanic",0,FALSE
"1026",36,1,NA,"Hispanic",0,FALSE
"1027",77,0,1,"Caucasian",1,FALSE
"1028",78,0,1,"Caucasian",1,FALSE
"1029",73,1,1,"Caucasian",1,FALSE
"1030",65,0,1,"Caucasian",0,FALSE
"1031",61,1,1,"Hispanic",0,TRUE
"1032",32,1,0,"Hispanic",0,FALSE
"1033",72,0,1,"Caucasian",0,FALSE
"1034",39,1,0,"Hispanic",NA,FALSE
"1035",49,1,0,"Hispanic",0,FALSE
"1036",63,1,1,"Caucasian",0,FALSE
"1037",66,0,1,"Caucasian",0,FALSE
"1038",65,1,1,"Hispanic",0,TRUE
"1039",75,1,1,"Caucasian",0,FALSE
"1040",73,0,1,"Caucasian",0,FALSE
"1041",24,1,0,"Hispanic",0,FALSE
"1042",23,0,1,"Hispanic",1,FALSE
"1043",41,1,1,"Caucasian",1,FALSE
"1044",46,1,1,"Hispanic",1,FALSE
"1045",60,1,1,"Hispanic",1,TRUE
"1046",60,1,1,"Caucasian",1,FALSE
"1047",71,1,1,"Hispanic",0,TRUE
"1048",71,1,1,"Hispanic",0,TRUE
"1049",49,0,0,"Hispanic",0,FALSE
"1050",55,0,0,"Asian",1,FALSE
"1051",44,1,1,"Hispanic",0,FALSE
"1052",69,1,0,"Hispanic",0,TRUE
"1053",19,1,0,"Hispanic",0,FALSE
"1054",48,0,0,"Hispanic",0,FALSE
"1055",49,1,0,"Hispanic",0,FALSE
"1056",57,0,1,"Caucasian",1,FALSE
"1057",46,1,1,"Caucasian",1,FALSE
"1058",73,NA,1,"Hispanic",0,TRUE
"1059",27,1,0,"Hispanic",0,FALSE
"1060",23,0,1,"Hispanic",0,FALSE
"1061",34,1,0,"Hispanic",0,FALSE
"1062",33,0,0,"Hispanic",0,FALSE
"1063",23,1,1,"Hispanic",0,FALSE
"1064",34,1,0,"Hispanic",0,FALSE
"1065",48,0,0,"Hispanic",1,FALSE
"1066",74,0,0,"Hispanic",1,TRUE
"1067",31,1,1,"Hispanic",0,FALSE
"1068",31,0,1,"Hispanic",0,FALSE
"1069",68,0,NA,"Caucasian",1,FALSE
"1070",71,1,1,"Caucasian",1,FALSE
"1071",51,1,0,"Caucasian",1,FALSE
"1072",83,0,1,"Hispanic",0,TRUE
"1073",64,0,0,"Hispanic",0,TRUE
"1074",58,1,0,"Hispanic",0,FALSE
"1075",53,1,1,"Hispanic",1,FALSE
"1076",29,1,1,"Hispanic",1,FALSE
"1077",51,1,1,"Hispanic",1,FALSE
"1078",48,1,1,"Hispanic",0,FALSE
"1079",48,0,1,"Caucasian",0,FALSE
"1080",18,0,0,"Caucasian",0,FALSE
"1081",39,1,0,"Caucasian",0,FALSE
"1082",63,0,1,"Caucasian",0,FALSE
"1083",22,1,0,"Asian",1,FALSE
"1084",64,0,0,"Asian",1,FALSE
"1085",19,0,1,"Asian",1,FALSE
"1086",23,0,1,"Hispanic",0,FALSE
"1087",50,0,1,"Caucasian",0,FALSE
"1088",71,1,0,"Hispanic",0,TRUE
"1089",45,1,0,"Hispanic",0,FALSE
"1090",48,0,0,"Hispanic",0,FALSE
"1091",29,0,0,"Hispanic",0,FALSE
"1092",25,0,0,"Hispanic",1,FALSE
"1093",44,1,0,"Caucasian",0,FALSE
"1094",57,1,0,"Hispanic",1,FALSE
"1095",58,1,1,"Hispanic",1,FALSE
"1096",77,1,1,"Hispanic",0,TRUE
"1097",63,0,0,"Hispanic",0,TRUE
"1098",77,1,0,"Hispanic",0,TRUE
"1099",70,1,1,"Hispanic",0,TRUE
"1100",21,1,0,"Caucasian",0,FALSE
"1101",54,1,0,"Hispanic",0,FALSE
"1102",59,1,0,"Hispanic",0,FALSE
"1103",90,1,1,"Caucasian",1,FALSE
"1104",26,1,0,"Hispanic",0,FALSE
"1105",68,1,1,"Hispanic",0,TRUE
"1106",52,1,1,"Caucasian",0,FALSE
"1107",66,0,1,"Caucasian",0,FALSE
"1108",67,1,1,"Hispanic",0,TRUE
"1109",70,0,1,"Hispanic",0,TRUE
"1110",48,0,1,"Hispanic",1,FALSE
"1111",49,1,1,"Hispanic",1,FALSE
"1112",73,1,1,"Hispanic",1,TRUE
"1113",48,1,1,"Hispanic",1,FALSE
"1114",56,1,NA,"Hispanic",0,FALSE
"1115",81,0,0,"Hispanic",0,TRUE
"1116",60,1,1,"Hispanic",0,TRUE
"1117",55,1,1,"Hispanic",0,FALSE
"1118",63,0,1,"Hispanic",0,TRUE
"1119",24,0,1,"Hispanic",0,FALSE
"1120",29,0,1,"Hispanic",1,FALSE
"1121",57,1,0,"Hispanic",0,FALSE
"1122",22,0,0,"Hispanic",0,FALSE
"1123",67,0,1,"Hispanic",0,TRUE
"1124",52,0,0,"Caucasian",0,FALSE
"1125",63,1,0,"Caucasian",1,FALSE
"1126",50,1,1,"Hispanic",1,FALSE
"1127",66,0,1,"Hispanic",0,TRUE
"1128",20,1,1,"Hispanic",0,FALSE
"1129",47,1,1,"Hispanic",0,FALSE
"1130",40,1,0,"Hispanic",0,FALSE
"1131",43,0,1,"Caucasian",0,FALSE
"1132",40,1,1,"Hispanic",0,FALSE
"1133",72,1,1,"Caucasian",0,FALSE
"1134",60,0,1,"Hispanic",1,TRUE
"1135",21,0,0,"Caucasian",0,FALSE
"1136",59,0,0,"Caucasian",1,FALSE
"1137",62,1,1,"Caucasian",0,FALSE
"1138",38,0,1,"Hispanic",1,FALSE
"1139",29,1,0,"Caucasian",1,FALSE
"1140",45,1,1,"Hispanic",0,FALSE
"1141",52,0,1,"Hispanic",0,FALSE
"1142",20,0,0,"Hispanic",1,FALSE
"1143",21,1,NA,"Hispanic",1,FALSE
"1144",57,1,1,"Hispanic",0,FALSE
"1145",56,0,1,"Hispanic",1,FALSE
"1146",58,1,1,"Caucasian",1,FALSE
"1147",41,1,0,"Hispanic",0,FALSE
"1148",25,0,0,"Hispanic",0,FALSE
"1149",22,0,0,"Hispanic",0,FALSE
"1150",42,1,0,"Hispanic",0,FALSE
"1151",22,0,0,"Hispanic",0,FALSE
"1152",75,0,1,"Hispanic",0,TRUE
"1153",80,1,0,"Hispanic",0,TRUE
"1154",38,1,0,"Hispanic",0,FALSE
"1155",78,0,1,"Hispanic",0,TRUE
"1156",57,1,1,"Caucasian",1,FALSE
"1157",69,1,1,"Caucasian",1,FALSE
"1158",35,1,NA,"Hispanic",1,FALSE
"1159",60,1,1,"Caucasian",1,FALSE
"1160",67,0,1,"Hispanic",0,TRUE
"1161",51,1,0,"Hispanic",0,FALSE
"1162",30,1,0,"Hispanic",0,FALSE
"1163",38,1,1,"Hispanic",0,FALSE
"1164",47,1,1,"Hispanic",0,FALSE
"1165",20,1,0,"Hispanic",0,FALSE
"1166",63,1,1,"Caucasian",1,FALSE
"1167",27,1,1,"Hispanic",0,FALSE
"1168",20,1,0,"Hispanic",1,FALSE
"1169",75,0,1,"Hispanic",0,TRUE
"1170",43,0,0,"Hispanic",1,FALSE
"1171",53,1,1,"Hispanic",1,FALSE
"1172",33,0,0,"Hispanic",1,FALSE
"1173",21,1,0,"Hispanic",0,FALSE
"1174",57,0,1,"Caucasian",1,FALSE
"1175",66,0,1,"Hispanic",0,TRUE
"1176",39,0,1,"Hispanic",1,FALSE
"1177",53,1,1,"Hispanic",0,FALSE
"1178",56,0,1,"Hispanic",0,FALSE
"1179",57,1,1,"Hispanic",1,FALSE
"1180",31,0,0,"Hispanic",1,FALSE
"1181",26,0,0,"Hispanic",NA,FALSE
"1182",90,1,0,"Hispanic",0,TRUE
"1183",19,0,0,"Hispanic",0,FALSE
"1184",73,1,1,"Hispanic",0,TRUE
"1185",69,0,1,"Hispanic",1,TRUE
"1186",63,1,1,"Hispanic",1,TRUE
"1187",49,1,1,"Caucasian",1,FALSE
"1188",65,1,1,"Caucasian",1,FALSE
"1189",27,1,1,"Hispanic",0,FALSE
"1190",65,1,1,"Caucasian",0,FALSE
"1191",33,1,0,"Hispanic",0,FALSE
"1192",44,1,1,"Hispanic",1,FALSE
"1193",47,1,0,"Hispanic",1,FALSE
"1194",21,0,1,"Hispanic",0,FALSE
"1195",53,0,1,"Hispanic",0,FALSE
"1196",46,1,0,"Hispanic",1,FALSE
"1197",73,0,1,"Hispanic",0,TRUE
"1198",71,1,1,"Hispanic",0,TRUE
"1199",46,0,1,"Caucasian",1,FALSE
"1200",52,1,1,"Hispanic",1,FALSE
"1201",22,0,1,"Hispanic",NA,FALSE
"1202",54,1,1,"Hispanic",1,FALSE
"1203",85,1,1,"Caucasian",1,FALSE
"1204",37,1,1,"Hispanic",1,FALSE
"1205",42,1,1,"Hispanic",0,FALSE
"1206",27,1,0,"Hispanic",1,FALSE
"1207",38,1,1,"Hispanic",0,FALSE
"1208",70,0,1,"Hispanic",0,TRUE
"1209",59,1,1,"Hispanic",0,FALSE
"1210",33,1,0,"Caucasian",0,FALSE
"1211",32,0,1,"Caucasian",0,FALSE
"1212",36,1,1,"Caucasian",0,FALSE
"1213",50,0,1,"Hispanic",0,FALSE
"1214",34,0,0,"Hispanic",0,FALSE
"1215",25,1,1,"Caucasian",0,FALSE
"1216",73,0,NA,"Hispanic",0,TRUE
"1217",67,1,1,"Hispanic",1,TRUE
"1218",64,0,0,"Hispanic",1,TRUE
"1219",20,1,0,"Hispanic",0,FALSE
"1220",54,0,1,"Hispanic",0,FALSE
"1221",54,1,1,"Hispanic",0,FALSE
"1222",39,1,0,"Hispanic",0,FALSE
"1223",55,1,1,"Caucasian",1,FALSE
"1224",60,0,1,"Hispanic",0,TRUE
"1225",67,0,NA,"Caucasian",1,FALSE
"1226",21,1,1,"Hispanic",0,FALSE
"1227",38,1,1,"Hispanic",1,FALSE
"1228",70,1,0,"Hispanic",1,TRUE
"1229",74,0,0,"Caucasian",0,FALSE
"1230",48,1,1,"Hispanic",0,FALSE
"1231",50,0,1,"Hispanic",1,FALSE
"1232",40,0,0,"Hispanic",0,FALSE
"1233",46,1,0,"Hispanic",0,FALSE
"1234",53,NA,1,"Hispanic",1,FALSE
"1235",20,0,0,"Hispanic",0,FALSE
"1236",51,0,1,"Hispanic",0,FALSE
"1237",34,1,1,"Hispanic",0,FALSE
"1238",53,1,0,"Caucasian",1,FALSE
"1239",30,0,1,"Hispanic",1,FALSE
"1240",34,0,1,"Caucasian",1,FALSE
"1241",74,0,1,"Caucasian",1,FALSE
"1242",40,0,1,"Hispanic",0,FALSE
"1243",29,0,1,"Hispanic",0,FALSE
"1244",32,1,0,"Hispanic",0,FALSE
"1245",64,0,1,"Hispanic",1,TRUE
"1246",26,1,0,"Hispanic",0,FALSE
"1247",54,1,1,"Hispanic",0,FALSE
"1248",44,0,0,"Caucasian",0,FALSE
"1249",78,1,1,"Caucasian",NA,FALSE
"1250",79,0,1,"Caucasian",1,FALSE
"1251",79,1,1,"Hispanic",0,TRUE
"1252",39,1,1,"Caucasian",0,FALSE
"1253",52,1,0,"Hispanic",0,FALSE
"1254",62,0,0,"Hispanic",1,TRUE
"1255",33,0,0,"Hispanic",0,FALSE
"1256",22,1,0,"Hispanic",1,FALSE
"1257",36,1,0,"Hispanic",0,FALSE
"1258",58,0,1,"Hispanic",0,FALSE
"1259",49,1,1,"Hispanic",0,FALSE
"1260",19,1,1,"Hispanic",0,FALSE
"1261",43,1,1,"Hispanic",1,FALSE
"1262",49,0,1,"Caucasian",1,FALSE
"1263",27,1,0,"Hispanic",0,FALSE
"1264",68,0,1,"Hispanic",0,TRUE
"1265",66,0,0,"Hispanic",0,TRUE
"1266",43,0,0,"Hispanic",1,FALSE
"1267",42,1,0,"Caucasian",0,FALSE
"1268",45,1,1,"Hispanic",0,FALSE
"1269",19,0,NA,"Hispanic",0,FALSE
"1270",82,1,1,"Hispanic",0,TRUE
"1271",51,1,1,"Hispanic",1,FALSE
"1272",72,1,1,"Hispanic",1,TRUE
"1273",72,0,1,"Caucasian",0,FALSE
"1274",21,1,0,"Hispanic",0,FALSE
"1275",51,0,0,"Caucasian",1,FALSE
"1276",52,0,0,"Caucasian",0,FALSE
"1277",52,1,1,"Hispanic",0,FALSE
"1278",60,1,0,"Caucasian",1,FALSE
"1279",57,0,1,"Caucasian",0,FALSE
"1280",73,1,1,"Caucasian",0,FALSE
"1281",65,0,1,"Hispanic",0,TRUE
"1282",30,1,1,"Caucasian",0,FALSE
"1283",30,0,1,"Hispanic",0,FALSE
"1284",49,1,1,"Hispanic",0,FALSE
"1285",56,1,1,"Caucasian",1,FALSE
"1286",66,1,1,"Caucasian",1,FALSE
"1287",61,0,1,"Caucasian",1,FALSE
"1288",66,0,1,"Hispanic",1,TRUE
"1289",25,1,0,"Hispanic",0,FALSE
"1290",64,0,1,"Hispanic",0,TRUE
"1291",80,1,1,"Hispanic",0,TRUE
"1292",70,0,1,"Hispanic",0,TRUE
"1293",61,0,1,"Caucasian",1,FALSE
"1294",17,0,0,"Hispanic",0,FALSE
"1295",71,1,0,"Hispanic",1,TRUE
"1296",42,1,1,"Hispanic",0,FALSE
"1297",33,1,0,"Hispanic",0,FALSE
"1298",33,0,0,"Hispanic",0,FALSE
"1299",35,0,1,"Caucasian",1,FALSE
"1300",51,0,1,"Hispanic",0,FALSE
"1301",75,0,NA,"Hispanic",0,TRUE
"1302",53,1,1,"Caucasian",0,FALSE
"1303",27,1,1,"Hispanic",0,FALSE
"1304",77,1,1,"Hispanic",0,TRUE
"1305",29,1,0,"Hispanic",0,FALSE
"1306",65,1,1,"Hispanic",0,TRUE
"1307",61,0,1,"Hispanic",0,TRUE
"1308",42,0,0,"Hispanic",0,FALSE
"1309",40,1,0,"Hispanic",0,FALSE
"1310",68,1,1,"Asian",1,FALSE
"1311",51,1,1,"Hispanic",1,FALSE
"1312",27,1,0,"Caucasian",NA,FALSE
"1313",55,0,1,"Caucasian",1,FALSE
"1314",57,1,0,"Caucasian",1,FALSE
"1315",33,0,1,"Hispanic",0,FALSE
"1316",61,1,0,"Caucasian",0,FALSE
"1317",22,0,0,"Caucasian",0,FALSE
"1318",49,0,1,"Caucasian",0,FALSE
"1319",29,1,1,"Caucasian",1,FALSE
"1320",53,1,0,"Caucasian",1,FALSE
"1321",44,0,1,"Hispanic",0,FALSE
"1322",67,0,1,"Hispanic",1,TRUE
"1323",42,1,1,"Caucasian",0,FALSE
"1324",67,0,1,"Caucasian",1,FALSE
"1325",68,1,1,"Caucasian",1,FALSE
"1326",55,0,1,"Caucasian",0,FALSE
"1327",64,0,1,"Caucasian",0,FALSE
"1328",62,1,1,"Caucasian",0,FALSE
"1329",57,1,1,"Hispanic",1,FALSE
"1330",71,NA,1,"Caucasian",1,FALSE
"1331",22,0,0,"Hispanic",0,FALSE
"1332",46,1,1,"Hispanic",0,FALSE
"1333",55,0,1,"Caucasian",0,FALSE
"1334",30,1,1,"Caucasian",1,FALSE
"1335",31,0,1,"Hispanic",1,FALSE
"1336",50,0,0,"Caucasian",0,FALSE
"1337",26,0,0,"Hispanic",0,FALSE
"1338",27,0,0,"Hispanic",0,FALSE
"1339",65,1,0,"Hispanic",0,TRUE
"1340",77,0,0,"Caucasian",0,FALSE
"1341",30,0,0,"Caucasian",0,FALSE
"1342",72,1,1,"Hispanic",0,TRUE
"1343",46,0,1,"Hispanic",0,FALSE
"1344",74,0,1,"Hispanic",0,TRUE
"1345",28,1,1,"Caucasian",1,FALSE
"1346",58,0,0,"Hispanic",0,FALSE
"1347",64,1,1,"Hispanic",0,TRUE
"1348",20,0,1,"Hispanic",0,FALSE
"1349",45,0,0,"Hispanic",0,FALSE
"1350",63,1,NA,"Caucasian",0,FALSE
"1351",49,1,0,"Hispanic",0,FALSE
"1352",31,0,0,"Hispanic",0,FALSE
"1353",58,1,1,"Caucasian",1,FALSE
"1354",48,1,1,"Caucasian",1,FALSE
"1355",32,0,1,"Hispanic",0,FALSE
"1356",67,1,0,"Hispanic",0,TRUE
"1357",28,0,1,"Hispanic",1,FALSE
"1358",60,1,0,"Hispanic",0,TRUE
"1359",61,1,1,"Caucasian",0,FALSE
"1360",64,0,1,"Caucasian",0,FALSE
"1361",48,0,0,"Caucasian",0,FALSE
"1362",20,0,0,"Hispanic",0,FALSE
"1363",59,1,1,"Hispanic",1,FALSE
"1364",40,0,0,"Hispanic",1,FALSE
"1365",38,1,0,"Hispanic",1,FALSE
"1366",47,0,1,"Caucasian",0,FALSE
"1367",45,1,1,"Caucasian",NA,FALSE
"1368",53,1,0,"Hispanic",0,FALSE
"1369",62,1,1,"Caucasian",0,FALSE
"1370",66,1,1,"Caucasian",1,FALSE
"1371",26,0,1,"Caucasian",1,FALSE
"1372",59,1,1,"Hispanic",0,FALSE
"1373",71,1,1,"Hispanic",0,TRUE
"1374",82,1,1,"Caucasian",0,FALSE
"1375",53,1,0,"Hispanic",1,FALSE
"1376",30,0,0,"Hispanic",1,FALSE
"1377",48,0,0,"Hispanic",0,FALSE
"1378",26,1,0,"Hispanic",0,FALSE
"1379",37,1,1,"Hispanic",0,FALSE
"1380",37,0,1,"Hispanic",1,FALSE
"1381",42,1,0,"Hispanic",0,FALSE
"1382",51,1,0,"Hispanic",0,FALSE
"1383",49,NA,1,"Hispanic",0,FALSE
"1384",49,1,1,"Hispanic",0,FALSE
"1385",19,0,0,"Hispanic",0,FALSE
"1386",42,0,0,"Hispanic",0,FALSE
"1387",32,1,1,"Hispanic",0,FALSE
"1388",59,1,1,"Hispanic",0,FALSE
"1389",65,0,1,"Hispanic",0,TRUE
"1390",31,1,0,"Hispanic",0,FALSE
"1391",18,0,0,"Hispanic",0,FALSE
"1392",49,0,1,"Hispanic",0,FALSE
"1393",40,1,0,"Hispanic",0,FALSE
"1394",54,1,0,"Hispanic",0,FALSE
"1395",24,1,0,"Hispanic",0,FALSE
"1396",42,1,0,"Hispanic",0,FALSE
"1397",72,0,1,"Caucasian",0,FALSE
"1398",40,1,1,"Hispanic",0,FALSE
"1399",80,0,1,"Caucasian",1,FALSE
"1400",50,0,0,"Caucasian",1,FALSE
"1401",20,0,0,"Hispanic",1,FALSE
"1402",48,0,0,"Hispanic",0,FALSE
"1403",58,1,1,"Hispanic",0,FALSE
"1404",57,0,1,"Hispanic",0,FALSE
"1405",23,1,0,"Hispanic",0,FALSE
"1406",50,1,1,"Caucasian",1,FALSE
"1407",19,0,1,"Hispanic",1,FALSE
"1408",20,0,0,"Hispanic",1,FALSE
"1409",49,0,1,"Hispanic",0,FALSE
"1410",30,1,0,"Hispanic",0,FALSE
"1411",71,1,1,"Hispanic",1,TRUE
"1412",39,0,0,"Hispanic",0,FALSE
"1413",53,0,1,"Hispanic",0,FALSE
"1414",66,1,1,"Hispanic",0,TRUE
"1415",69,0,NA,"Caucasian",0,FALSE
"1416",85,1,1,"Hispanic",0,TRUE
"1417",50,0,0,"Caucasian",0,FALSE
"1418",23,1,0,"Hispanic",1,FALSE
"1419",71,1,1,"Hispanic",0,TRUE
"1420",41,0,0,"Hispanic",0,FALSE
"1421",70,0,1,"Hispanic",0,TRUE
"1422",45,0,1,"Hispanic",0,FALSE
"1423",64,1,0,"Hispanic",0,TRUE
"1424",50,1,1,"Hispanic",0,FALSE
"1425",66,1,1,"Hispanic",0,TRUE
"1426",43,1,1,"Hispanic",0,FALSE
"1427",18,1,1,"Hispanic",0,FALSE
"1428",56,1,1,"Hispanic",0,FALSE
"1429",40,0,0,"Caucasian",1,FALSE
"1430",82,1,0,"Hispanic",1,TRUE
"1431",60,1,1,"Hispanic",1,TRUE
"1432",44,0,NA,"Hispanic",1,FALSE
"1433",59,1,0,"Hispanic",0,FALSE
"1434",21,1,1,"Hispanic",0,FALSE
"1435",47,0,1,"Hispanic",0,FALSE
"1436",56,0,1,"Hispanic",0,FALSE
"1437",68,0,1,"Hispanic",0,TRUE
"1438",25,1,0,"Hispanic",0,FALSE
"1439",46,0,0,"Hispanic",0,FALSE
"1440",21,0,0,"Hispanic",0,FALSE
"1441",51,1,0,"Caucasian",NA,FALSE
"1442",44,0,1,"Caucasian",0,FALSE
"1443",52,0,1,"Hispanic",1,FALSE
"1444",52,0,1,"Hispanic",1,FALSE
"1445",22,1,0,"Hispanic",0,FALSE
"1446",59,0,1,"Hispanic",1,FALSE
"1447",56,1,0,"Hispanic",0,FALSE
"1448",31,0,1,"Caucasian",0,FALSE
"1449",29,0,1,"Hispanic",0,FALSE
"1450",59,1,1,"Hispanic",0,FALSE
"1451",64,0,1,"Hispanic",0,TRUE
"1452",30,1,0,"Hispanic",0,FALSE
"1453",18,1,1,"Hispanic",1,FALSE
"1454",24,NA,0,"Caucasian",0,FALSE
"1455",62,0,1,"Hispanic",0,TRUE
"1456",25,0,0,"Hispanic",NA,FALSE
"1457",56,0,0,"Hispanic",0,FALSE
"1458",29,1,0,"Hispanic",1,FALSE
"1459",57,0,0,"Hispanic",0,FALSE
"1460",51,1,0,"Hispanic",0,FALSE
"1461",67,0,1,"Hispanic",1,TRUE
"1462",66,1,1,"Hispanic",0,TRUE
"1463",41,0,1,"Hispanic",0,FALSE
"1464",49,0,1,"Hispanic",0,FALSE
"1465",43,1,NA,"Hispanic",0,FALSE
"1466",20,1,1,"Hispanic",1,FALSE
"1467",59,1,1,"Caucasian",0,FALSE
"1468",21,0,1,"Hispanic",1,FALSE
"1469",65,0,1,"Hispanic",0,TRUE
"1470",83,1,0,"Hispanic",0,TRUE
"1471",54,0,0,"Hispanic",0,FALSE
"1472",22,0,0,"Hispanic",0,FALSE
"1473",37,0,1,"Hispanic",0,FALSE
"1474",48,1,0,"Hispanic",0,FALSE
"1475",49,0,1,"Caucasian",1,FALSE
"1476",41,1,1,"Caucasian",0,FALSE
"1477",24,0,0,"Caucasian",0,FALSE
"1478",18,1,0,"Hispanic",1,FALSE
"1479",46,1,0,"Hispanic",1,FALSE
"1480",19,0,0,"Hispanic",0,FALSE
"1481",25,1,1,"Hispanic",1,FALSE
"1482",68,0,1,"Caucasian",0,FALSE
"1483",56,1,1,"Caucasian",1,FALSE
"1484",79,0,1,"Caucasian",1,FALSE
"1485",67,1,0,"Caucasian",1,FALSE
"1486",24,1,1,"Hispanic",1,FALSE
"1487",56,1,1,"Hispanic",1,FALSE
"1488",31,0,0,"African American",1,FALSE
"1489",55,1,1,"Hispanic",0,FALSE
"1490",19,0,0,"Hispanic",0,FALSE
"1491",78,1,1,"Hispanic",1,TRUE
"1492",56,1,1,"African American",1,FALSE
"1493",61,0,1,"Caucasian",1,FALSE
"1494",19,1,0,"Hispanic",0,FALSE
"1495",20,0,1,"Hispanic",0,FALSE
"1496",80,0,1,"Hispanic",0,TRUE
"1497",23,1,1,"Hispanic",0,FALSE
"1498",18,0,0,"Hispanic",0,FALSE
"1499",26,1,0,"Hispanic",0,FALSE
"1500",51,1,1,"Hispanic",0,FALSE
"1501",51,0,0,"Hispanic",0,FALSE
"1502",41,0,0,"Hispanic",0,FALSE
"1503",30,1,1,"Hispanic",1,FALSE
"1504",29,1,1,"Hispanic",1,FALSE
"1505",33,0,1,"Hispanic",0,FALSE
"1506",58,1,1,"Caucasian",1,FALSE
"1507",55,0,1,"Hispanic",0,FALSE
"1508",66,0,0,"Hispanic",0,TRUE
"1509",55,0,1,"Hispanic",0,FALSE
"1510",46,1,0,"Hispanic",0,FALSE
"1511",50,0,0,"Hispanic",0,FALSE
"1512",69,0,1,"Caucasian",0,FALSE
"1513",57,1,1,"Hispanic",0,FALSE
"1514",24,0,0,"African American",0,FALSE
"1515",46,1,NA,"Hispanic",0,FALSE
"1516",53,0,1,"Hispanic",0,FALSE
"1517",20,1,1,"Hispanic",0,FALSE
"1518",51,1,1,"Hispanic",0,FALSE
"1519",60,0,0,"Hispanic",0,TRUE
"1520",58,0,0,"Hispanic",0,FALSE
"1521",18,0,0,"Hispanic",1,FALSE
"1522",41,0,0,"Hispanic",0,FALSE
"1523",55,0,1,"Caucasian",1,FALSE
"1524",22,0,0,"African American",0,FALSE
"1525",20,0,1,"African American",0,FALSE
"1526",40,NA,0,"Caucasian",0,FALSE
"1527",54,1,1,"Hispanic",0,FALSE
"1528",53,0,1,"Hispanic",1,FALSE
"1529",55,0,1,"Caucasian",0,FALSE
"1530",61,0,1,"Caucasian",1,FALSE
"1531",20,0,0,"Hispanic",0,FALSE
"1532",53,1,1,"Hispanic",0,FALSE
"1533",22,1,0,"Hispanic",0,FALSE
"1534",42,1,0,"Caucasian",1,FALSE
"1535",72,1,1,"Caucasian",1,FALSE
"1536",40,1,1,"Hispanic",0,FALSE
"1537",22,0,1,"Caucasian",1,FALSE
"1538",28,1,1,"African American",1,FALSE
"1539",28,1,1,"Hispanic",1,FALSE
"1540",22,1,0,"Hispanic",0,FALSE
"1541",60,1,1,"Hispanic",0,TRUE
"1542",81,0,0,"Hispanic",0,TRUE
"1543",20,0,0,"Hispanic",0,FALSE
"1544",47,1,1,"Hispanic",0,FALSE
"1545",52,0,0,"Hispanic",0,FALSE
"1546",42,0,1,"Hispanic",1,FALSE
"1547",66,1,1,"Caucasian",1,FALSE
"1548",21,1,0,"Hispanic",0,FALSE
"1549",75,1,1,"African American",1,FALSE
"1550",60,0,1,"Caucasian",0,FALSE
"1551",42,0,0,"Hispanic",0,FALSE
"1552",75,1,1,"Hispanic",1,TRUE
"1553",55,0,1,"Hispanic",1,FALSE
"1554",21,1,0,"Hispanic",1,FALSE
"1555",56,0,1,"Hispanic",1,FALSE
"1556",51,1,1,"Caucasian",1,FALSE
"1557",58,1,1,"Hispanic",0,FALSE
"1558",34,0,0,"Hispanic",0,FALSE
"1559",37,1,0,"Hispanic",1,FALSE
"1560",25,1,0,"Hispanic",0,FALSE
"1561",22,1,0,"Hispanic",0,FALSE
"1562",28,0,0,"Hispanic",0,FALSE
"1563",90,1,1,"Caucasian",1,FALSE
"1564",37,0,1,"Asian",1,FALSE
"1565",60,1,1,"Hispanic",1,TRUE
"1566",66,0,1,"Hispanic",0,TRUE
"1567",23,0,1,"Hispanic",0,FALSE
"1568",68,0,1,"Caucasian",0,FALSE
"1569",32,0,1,"Hispanic",1,FALSE
"1570",75,1,1,"Hispanic",0,TRUE
"1571",46,0,0,"Hispanic",0,FALSE
"1572",55,1,1,"Caucasian",0,FALSE
"1573",25,0,1,"Hispanic",0,FALSE
"1574",56,0,1,"Hispanic",0,FALSE
"1575",55,1,1,"Hispanic",0,FALSE
"1576",28,1,0,"Hispanic",0,FALSE
"1577",20,1,0,"Hispanic",1,FALSE
"1578",58,1,1,"Caucasian",1,FALSE
"1579",76,0,1,"Hispanic",0,TRUE
"1580",29,1,0,"Hispanic",0,FALSE
"1581",31,1,0,"Hispanic",0,FALSE
"1582",69,0,1,"Hispanic",0,TRUE
"1583",56,1,1,"Hispanic",1,FALSE
"1584",47,0,1,"Hispanic",0,FALSE
"1585",43,1,1,"Hispanic",0,FALSE
"1586",57,0,1,"Caucasian",1,FALSE
"1587",60,1,1,"Hispanic",1,TRUE
"1588",83,0,1,"Hispanic",0,TRUE
"1589",20,1,0,"Hispanic",1,FALSE
"1590",49,1,0,"Hispanic",0,FALSE
"1591",55,0,0,"Hispanic",0,FALSE
"1592",29,1,0,"Hispanic",0,FALSE
"1593",65,1,0,"Hispanic",0,TRUE
"1594",64,0,1,"Caucasian",1,FALSE
"1595",50,0,0,"Caucasian",1,FALSE
"1596",47,1,0,"Hispanic",0,FALSE
"1597",20,1,0,"Hispanic",0,FALSE
"1598",32,0,0,"Caucasian",0,FALSE
"1599",36,1,0,"Caucasian",0,FALSE
"1600",53,1,1,"Hispanic",0,FALSE
"1601",19,1,0,"Hispanic",1,FALSE
"1602",64,1,1,"Caucasian",1,FALSE
"1603",40,0,0,"Hispanic",0,FALSE
"1604",38,1,1,"Hispanic",0,FALSE
"1605",41,1,0,"Hispanic",0,FALSE
"1606",59,1,1,"Hispanic",1,FALSE
"1607",48,0,1,"Caucasian",0,FALSE
"1608",56,0,1,"Hispanic",0,FALSE
"1609",73,0,1,"Hispanic",0,TRUE
"1610",65,0,1,"African American",1,FALSE
"1611",54,1,0,"Hispanic",0,FALSE
"1612",64,1,1,"Caucasian",1,FALSE
"1613",59,0,0,"Hispanic",0,FALSE
"1614",62,NA,1,"African American",1,FALSE
"1615",28,1,0,"Hispanic",0,FALSE
"1616",38,0,1,"Hispanic",0,FALSE
"1617",37,1,1,"Hispanic",0,FALSE
"1618",54,0,1,"African American",1,FALSE
"1619",56,1,1,"African American",1,FALSE
"1620",18,0,0,"Hispanic",0,FALSE
"1621",54,0,0,"Hispanic",NA,FALSE
"1622",57,0,1,"Hispanic",1,FALSE
"1623",66,0,0,"Hispanic",1,TRUE
"1624",50,1,0,"Hispanic",0,FALSE
"1625",75,1,1,"Hispanic",0,TRUE
"1626",78,0,1,"Hispanic",0,TRUE
"1627",49,0,0,"Hispanic",0,FALSE
"1628",71,1,1,"Hispanic",0,TRUE
"1629",78,0,1,"Hispanic",0,TRUE
"1630",58,0,1,"Hispanic",1,FALSE
"1631",63,0,1,"Asian",0,FALSE
"1632",16,1,0,"Hispanic",1,FALSE
"1633",82,0,1,"Hispanic",0,TRUE
"1634",51,0,NA,"Hispanic",1,FALSE
"1635",32,1,1,"Hispanic",0,FALSE
"1636",67,0,1,"Hispanic",0,TRUE
"1637",20,0,0,"Caucasian",0,FALSE
"1638",45,0,1,"Caucasian",0,FALSE
"1639",65,1,1,"Hispanic",NA,TRUE
"1640",68,0,1,"Hispanic",0,TRUE
"1641",55,1,0,"Caucasian",0,FALSE
"1642",91,1,1,"Hispanic",0,TRUE
"1643",58,0,1,"Hispanic",0,FALSE
"1644",39,1,1,"Hispanic",1,FALSE
"1645",60,1,1,"Hispanic",0,TRUE
"1646",21,1,1,"Hispanic",1,FALSE
"1647",19,1,1,"Hispanic",1,FALSE
"1648",34,0,0,"Hispanic",0,FALSE
"1649",34,1,0,"Hispanic",0,FALSE
"1650",68,0,1,"Hispanic",0,TRUE
"1651",60,1,1,"Hispanic",1,TRUE
"1652",45,1,0,"Hispanic",0,FALSE
"1653",44,0,0,"Caucasian",0,FALSE
"1654",45,1,0,"Caucasian",0,FALSE
"1655",32,0,NA,"Hispanic",0,FALSE
"1656",66,1,1,"Hispanic",1,TRUE
"1657",62,0,1,"Hispanic",0,TRUE
"1658",29,1,1,"Hispanic",0,FALSE
"1659",68,1,1,"Hispanic",1,TRUE
"1660",22,1,0,"Hispanic",0,FALSE
"1661",64,0,1,"Hispanic",0,TRUE
"1662",55,0,1,"Caucasian",1,FALSE
"1663",39,0,0,"Hispanic",0,FALSE
"1664",19,1,0,"Hispanic",0,FALSE
"1665",51,0,1,"Hispanic",0,FALSE
"1666",54,0,1,"Hispanic",0,FALSE
"1667",44,1,1,"Hispanic",1,FALSE
"1668",72,NA,0,"Caucasian",1,FALSE
"1669",46,1,1,"Hispanic",1,FALSE
"1670",54,0,1,"Hispanic",0,FALSE
"1671",23,1,0,"Hispanic",0,FALSE
"1672",18,0,0,"Hispanic",0,FALSE
"1673",54,1,0,"Hispanic",0,FALSE
"1674",55,1,0,"Hispanic",0,FALSE
"1675",46,1,0,"African American",1,FALSE
"1676",65,1,0,"Hispanic",1,TRUE
"1677",20,1,0,"African American",1,FALSE
"1678",21,0,0,"Hispanic",0,FALSE
"1679",20,1,0,"Hispanic",1,FALSE
"1680",44,1,0,"Hispanic",1,FALSE
"1681",27,0,1,"Hispanic",0,FALSE
"1682",58,NA,0,"Hispanic",0,FALSE
"1683",75,1,1,"African American",1,FALSE
"1684",21,1,0,"Hispanic",0,FALSE
"1685",77,0,1,"Caucasian",1,FALSE
"1686",50,0,1,"Caucasian",1,FALSE
"1687",72,1,1,"Caucasian",1,FALSE
"1688",61,1,1,"Hispanic",0,TRUE
"1689",25,0,1,"Hispanic",0,FALSE
"1690",86,1,0,"Hispanic",0,TRUE
"1691",60,1,1,"Hispanic",0,TRUE
"1692",64,1,1,"Caucasian",0,FALSE
"1693",38,0,0,"Caucasian",0,FALSE
"1694",22,0,1,"Hispanic",0,FALSE
"1695",27,0,0,"Hispanic",0,FALSE
"1696",55,1,1,"Hispanic",1,FALSE
"1697",85,1,1,"Hispanic",0,TRUE
"1698",45,1,0,"Caucasian",0,FALSE
"1699",18,0,0,"Hispanic",0,FALSE
"1700",53,NA,0,"Caucasian",0,FALSE
"1701",73,1,1,"Hispanic",0,TRUE
"1702",27,1,0,"Hispanic",0,FALSE
"1703",80,0,0,"Hispanic",0,TRUE
"1704",81,1,0,"Hispanic",0,TRUE
"1705",37,1,0,"Hispanic",0,FALSE
"1706",28,1,1,"Hispanic",0,FALSE
"1707",21,1,0,"Hispanic",0,FALSE
"1708",26,1,0,"Hispanic",1,FALSE
"1709",64,0,1,"Hispanic",0,TRUE
"1710",70,1,1,"Caucasian",1,FALSE
"1711",40,0,1,"Hispanic",0,FALSE
"1712",66,1,1,"Hispanic",0,TRUE
"1713",57,0,1,"Hispanic",0,FALSE
"1714",60,1,1,"Hispanic",0,TRUE
"1715",31,1,1,"Caucasian",0,FALSE
"1716",31,0,1,"Caucasian",0,FALSE
"1717",20,1,0,"Hispanic",1,FALSE
"1718",56,1,1,"Hispanic",0,FALSE
"1719",61,1,1,"Hispanic",0,TRUE
"1720",21,1,1,"Hispanic",0,FALSE
"1721",48,1,0,"Hispanic",0,FALSE
"1722",20,0,0,"Hispanic",0,FALSE
"1723",23,1,1,"Hispanic",1,FALSE
"1724",41,1,1,"Hispanic",0,FALSE
"1725",49,1,0,"Hispanic",1,FALSE
"1726",19,1,0,"Hispanic",1,FALSE
"1727",63,1,1,"Hispanic",0,TRUE
"1728",30,0,0,"Hispanic",0,FALSE
"1729",29,0,1,"Hispanic",0,FALSE
"1730",57,0,1,"Hispanic",0,FALSE
"1731",31,1,1,"Hispanic",0,FALSE
"1732",57,1,1,"Hispanic",1,FALSE
"1733",21,0,1,"Hispanic",0,FALSE
"1734",97,1,0,"Hispanic",1,TRUE
"1735",25,0,0,"Hispanic",0,FALSE
"1736",66,0,1,"Hispanic",0,TRUE
"1737",47,1,1,"Hispanic",0,FALSE
"1738",52,0,0,"Hispanic",1,FALSE
"1739",52,1,1,"Hispanic",0,FALSE
"1740",82,1,1,"Hispanic",1,TRUE
"1741",84,1,0,"Hispanic",0,TRUE
"1742",47,0,0,"Hispanic",0,FALSE
"1743",19,1,0,"Hispanic",1,FALSE
"1744",67,1,0,"Hispanic",0,TRUE
"1745",56,1,1,"Caucasian",1,FALSE
"1746",34,1,0,"Hispanic",0,FALSE
"1747",20,1,0,"Hispanic",0,FALSE
"1748",46,1,0,"Hispanic",0,FALSE
"1749",26,0,0,"Hispanic",0,FALSE
"1750",52,1,0,"Hispanic",0,FALSE
"1751",88,1,0,"Hispanic",0,TRUE
"1752",20,0,0,"Hispanic",0,FALSE
"1753",71,0,1,"Hispanic",0,TRUE
"1754",19,1,0,"Hispanic",0,FALSE
"1755",47,1,0,"Caucasian",0,FALSE
"1756",49,0,0,"Caucasian",0,FALSE
"1757",44,1,1,"Caucasian",1,FALSE
"1758",75,1,1,"Caucasian",1,FALSE
"1759",25,0,1,"Caucasian",0,FALSE
"1760",59,0,1,"Caucasian",0,FALSE
"1761",67,1,1,"Hispanic",0,TRUE
"1762",68,0,1,"Hispanic",0,TRUE
"1763",48,0,0,"Hispanic",0,FALSE
"1764",19,1,0,"Caucasian",1,FALSE
"1765",18,1,0,"Hispanic",0,FALSE
"1766",53,0,0,"Hispanic",0,FALSE
"1767",30,0,0,"Hispanic",0,FALSE
"1768",72,0,1,"Hispanic",0,TRUE
"1769",22,0,0,"Hispanic",0,FALSE
"1770",46,1,1,"Hispanic",0,FALSE
"1771",54,1,1,"Caucasian",1,FALSE
"1772",58,0,1,"Caucasian",1,FALSE
"1773",19,1,1,"Caucasian",1,FALSE
"1774",46,1,1,"Caucasian",1,FALSE
"1775",65,0,1,"Caucasian",1,FALSE
"1776",61,1,1,"Caucasian",1,FALSE
"1777",34,1,1,"Hispanic",1,FALSE
"1778",25,1,1,"Hispanic",0,FALSE
"1779",72,1,1,"Hispanic",0,TRUE
"1780",52,0,1,"Caucasian",0,FALSE
"1781",81,0,1,"Hispanic",0,TRUE
"1782",52,1,0,"Hispanic",0,FALSE
"1783",50,0,0,"Caucasian",0,FALSE
"1784",48,0,0,"Hispanic",1,FALSE
"1785",72,1,1,"Caucasian",1,FALSE
"1786",51,1,1,"Caucasian",1,FALSE
"1787",25,1,1,"Caucasian",1,FALSE
"1788",70,0,1,"Caucasian",0,FALSE
"1789",55,0,1,"Hispanic",0,FALSE
"1790",88,1,1,"Hispanic",0,TRUE
"1791",28,1,0,"Hispanic",0,FALSE
"1792",26,1,0,"Hispanic",0,FALSE
"1793",19,1,1,"Hispanic",1,FALSE
"1794",19,0,0,"Hispanic",1,FALSE
"1795",21,1,0,"Hispanic",1,FALSE
"1796",20,1,0,"Hispanic",0,FALSE
"1797",18,0,1,"Hispanic",0,FALSE
"1798",62,1,1,"Caucasian",0,FALSE
"1799",76,1,1,"Hispanic",1,TRUE
"1800",27,0,0,"Hispanic",0,FALSE
"1801",37,0,0,"Hispanic",0,FALSE
"1802",76,1,0,"Hispanic",0,TRUE
"1803",69,0,1,"Hispanic",0,TRUE
"1804",20,1,0,"Hispanic",0,FALSE
"1805",32,1,0,"Hispanic",0,FALSE
"1806",87,0,1,"Caucasian",0,FALSE
"1807",57,0,1,"Caucasian",0,FALSE
"1808",31,1,1,"Hispanic",0,FALSE
"1809",23,1,0,"Hispanic",1,FALSE
"1810",46,0,1,"Caucasian",1,FALSE
"1811",21,1,0,"Caucasian",0,FALSE
"1812",62,1,1,"Hispanic",1,TRUE
"1813",54,0,1,"Caucasian",1,FALSE
"1814",58,1,1,"Hispanic",0,FALSE
"1815",28,1,0,"Hispanic",0,FALSE
"1816",72,0,1,"Hispanic",0,TRUE
"1817",29,1,1,"Caucasian",0,FALSE
"1818",71,1,1,"Caucasian",1,FALSE
"1819",53,1,1,"Hispanic",1,FALSE
"1820",57,0,1,"Hispanic",1,FALSE
"1821",35,1,1,"Hispanic",0,FALSE
"1822",35,0,1,"Hispanic",0,FALSE
