"","prejudice_trans","treat_ind","white","hispanic","black","age","female","racename","democrat"
"1",50,0,1,0,0,19,1,"black",0
"2",50,0,1,0,0,58,1,"black",1
"3",100,0,1,0,0,29,0,"black",1
"4",0,1,1,0,0,59,1,"black",1
"5",50,1,1,0,0,35,1,"black",1
"6",50,1,1,0,0,51,1,"black",1
"7",50,0,1,0,0,72,1,"black",0
"8",50,1,1,0,0,63,1,"black",1
"9",50,1,1,0,0,65,0,"black",0
"10",53,0,0,1,0,51,1,"white",0
"11",46,0,0,0,1,18,0,"hispanic",0
"12",26,0,1,0,0,26,1,"black",1
"13",0,0,0,0,1,45,1,"hispanic",1
"14",0,0,0,0,1,18,1,"hispanic",1
"15",24,1,1,0,0,62,1,"black",1
"16",50,1,1,0,0,20,0,"black",1
"17",0,1,1,0,0,51,1,"black",1
"18",0,1,0,1,0,41,1,"white",0
"19",0,1,0,0,1,41,0,"hispanic",0
"20",0,1,1,0,0,39,0,"black",1
"21",50,1,0,1,0,68,1,"white",1
"22",100,1,1,0,0,72,0,"black",1
"23",50,0,0,1,0,37,0,"white",0
"24",34,0,1,0,0,17,1,"black",1
"25",50,0,0,1,0,51,1,"white",0
"26",49,1,1,0,0,56,1,"black",1
"27",75,0,1,0,0,26,0,"black",1
"28",40,0,1,0,0,69,1,"black",1
"29",50,0,1,0,0,68,0,"black",1
"30",50,1,1,0,0,55,0,"black",1
"31",13,1,1,0,0,34,1,"black",1
"32",50,1,0,0,1,37,1,"hispanic",1
"33",46,1,1,0,0,40,1,"black",1
"34",23,1,1,0,0,30,1,"black",1
"35",50,0,1,0,0,70,0,"black",1
"36",50,0,1,0,0,53,1,"black",1
"37",50,0,1,0,0,44,1,"black",1
"38",50,1,1,0,0,36,1,"black",1
"39",50,1,1,0,0,61,1,"black",1
"40",59,1,1,0,0,68,0,"black",1
"41",50,0,1,0,0,31,1,"black",0
"42",50,1,1,0,0,52,1,"black",1
"43",100,0,1,0,0,46,1,"black",0
"44",100,0,1,0,0,37,1,"black",1
"45",100,0,1,0,0,66,1,"black",0
"46",16,1,0,1,0,35,1,"white",0
"47",50,1,0,0,1,76,0,"hispanic",0
"48",50,1,0,0,1,26,1,"hispanic",0
"49",100,1,1,0,0,21,1,"black",1
"50",100,1,1,0,0,24,0,"black",1
"51",89,1,1,0,0,69,1,"black",1
"52",50,0,0,1,0,79,0,"white",0
"53",50,1,1,0,0,58,0,"black",1
"54",50,0,1,0,0,31,0,"black",0
"55",50,1,1,0,0,27,1,"black",1
"56",92,1,1,0,0,46,0,"black",1
"57",8,0,0,0,1,51,1,"hispanic",1
"58",50,0,0,0,1,83,1,"hispanic",0
"59",0,1,0,1,0,53,1,"white",0
"60",100,0,0,0,1,48,0,"hispanic",0
"61",79,0,0,0,1,30,1,"hispanic",0
"62",0,1,0,1,0,19,1,"white",0
"63",36,1,0,0,1,66,1,"hispanic",1
"64",50,0,0,0,1,54,1,"hispanic",0
"65",100,1,1,0,0,35,1,"black",0
"66",64,0,1,0,0,64,1,"black",1
"67",20,0,0,1,0,57,1,"white",1
"68",50,0,1,0,0,31,0,"black",1
"69",50,1,1,0,0,70,0,"black",1
"70",50,0,1,0,0,39,1,"black",1
"71",50,0,0,0,1,61,0,"hispanic",0
"72",50,0,1,0,0,46,1,"black",1
"73",50,1,1,0,0,57,1,"black",1
"74",50,1,0,0,1,82,1,"hispanic",1
"75",50,0,1,0,0,72,1,"black",1
"76",50,0,1,0,0,75,0,"black",1
"77",50,1,1,0,0,73,1,"black",1
"78",50,1,0,0,1,48,1,"hispanic",1
"79",50,1,1,0,0,50,1,"black",1
"80",50,0,1,0,0,58,1,"black",1
"81",50,0,0,0,1,21,1,"hispanic",0
"82",0,1,0,1,0,23,1,"white",0
"83",0,1,0,1,0,40,1,"white",0
"84",0,1,0,1,0,68,1,"white",0
"85",50,1,1,0,0,22,1,"black",1
"86",90,1,1,0,0,63,1,"black",0
"87",34,0,1,0,0,19,1,"black",1
"88",100,0,0,0,1,45,1,"hispanic",0
"89",86,1,1,0,0,28,1,"black",0
"90",77,1,0,0,1,25,0,"hispanic",0
"91",19,1,0,0,1,26,1,"hispanic",0
"92",50,0,1,0,0,58,1,"black",1
"93",50,0,1,0,0,22,0,"black",0
"94",50,0,1,0,0,18,1,"black",1
"95",50,0,0,0,1,31,0,"hispanic",0
"96",50,0,0,0,1,17,0,"hispanic",0
"97",40,0,0,0,1,40,0,"hispanic",1
"98",17,0,0,0,1,88,1,"hispanic",1
"99",33,0,0,0,1,53,1,"hispanic",0
"100",30,0,0,0,1,23,0,"hispanic",0
"101",0,1,0,1,0,58,1,"white",1
"102",0,1,0,0,1,34,1,"hispanic",1
"103",50,0,1,0,0,25,1,"black",1
"104",0,1,1,0,0,23,1,"black",1
"105",30,0,1,0,0,40,1,"black",1
"106",50,0,1,0,0,41,1,"black",1
"107",61,0,1,0,0,29,0,"black",0
"108",50,0,1,0,0,19,1,"black",0
"109",100,0,0,0,1,31,1,"hispanic",0
"110",90,1,0,0,1,22,1,"hispanic",0
"111",60,1,0,0,1,57,1,"hispanic",0
"112",80,1,0,0,1,58,0,"hispanic",0
"113",56,1,0,1,0,58,1,"white",0
"114",50,1,0,1,0,57,0,"white",0
"115",48,1,1,0,0,31,1,"black",1
"116",47,0,0,0,1,56,1,"hispanic",0
"117",34,1,1,0,0,65,0,"black",1
"118",21,1,1,0,0,45,0,"black",0
"119",59,1,1,0,0,65,1,"black",0
"120",32,1,0,1,0,55,1,"white",1
"121",31,1,1,0,0,22,1,"black",1
"122",37,1,1,0,0,74,0,"black",1
"123",100,1,1,0,0,33,1,"black",0
"124",100,1,1,0,0,17,1,"black",1
"125",50,1,1,0,0,48,1,"black",0
"126",100,1,1,0,0,81,1,"black",1
"127",5,1,1,0,0,46,1,"black",0
"128",50,0,1,0,0,42,0,"black",1
"129",50,0,0,0,1,19,0,"hispanic",0
"130",37,1,1,0,0,66,1,"black",1
"131",100,0,0,1,0,49,0,"white",0
"132",34,1,0,1,0,53,0,"white",0
"133",0,0,1,0,0,51,1,"black",0
"134",59,0,1,0,0,23,0,"black",1
"135",59,0,1,0,0,48,1,"black",1
"136",50,0,1,0,0,76,0,"black",1
"137",96,0,0,1,0,85,1,"white",0
"138",40,0,0,0,1,24,0,"hispanic",1
"139",50,0,1,0,0,54,0,"black",1
"140",50,0,1,0,0,81,1,"black",0
"141",52,0,1,0,0,62,1,"black",1
"142",50,1,0,1,0,42,0,"white",0
"143",50,1,0,0,1,43,1,"hispanic",0
"144",73,1,0,0,1,84,0,"hispanic",0
"145",100,0,1,0,0,57,1,"black",1
"146",50,1,0,1,0,57,1,"white",0
"147",0,1,1,0,0,41,1,"black",0
"148",0,1,1,0,0,19,1,"black",0
"149",95,0,1,0,0,31,0,"black",1
"150",49,1,0,0,1,38,1,"hispanic",0
"151",50,1,1,0,0,63,1,"black",1
"152",50,1,1,0,0,23,0,"black",1
"153",60,1,1,0,0,69,1,"black",1
"154",50,1,1,0,0,47,1,"black",1
"155",50,0,0,0,1,20,1,"hispanic",1
"156",100,1,1,0,0,46,1,"black",0
"157",50,0,1,0,0,55,1,"black",1
"158",100,1,0,0,1,41,1,"hispanic",1
"159",100,0,1,0,0,27,0,"black",0
"160",50,0,1,0,0,24,1,"black",1
"161",50,0,1,0,0,47,1,"black",1
"162",19,0,0,0,1,70,0,"hispanic",1
"163",50,1,0,1,0,57,1,"white",0
"164",50,1,1,0,0,58,1,"black",1
"165",100,1,1,0,0,45,1,"black",1
"166",98,1,1,0,0,58,0,"black",1
"167",98,1,0,1,0,41,1,"white",0
"168",100,1,0,1,0,36,0,"white",0
"169",2,1,1,0,0,42,1,"black",1
"170",31,1,1,0,0,61,1,"black",1
"171",100,0,1,0,0,34,1,"black",1
"172",25,0,1,0,0,22,0,"black",1
"173",100,1,1,0,0,43,0,"black",0
"174",50,1,1,0,0,55,1,"black",1
"175",50,0,1,0,0,61,1,"black",1
"176",0,0,0,1,0,69,0,"white",1
"177",100,0,1,0,0,49,1,"black",1
"178",50,1,1,0,0,31,1,"black",1
"179",15,0,1,0,0,50,1,"black",1
"180",50,1,1,0,0,18,0,"black",1
"181",51,0,0,0,1,43,0,"hispanic",0
"182",50,1,1,0,0,36,1,"black",1
"183",50,0,0,1,0,50,1,"white",1
"184",0,0,0,0,1,49,1,"hispanic",1
"185",0,0,1,0,0,44,1,"black",1
"186",1,0,1,0,0,34,1,"black",1
"187",50,1,1,0,0,53,1,"black",1
"188",50,0,0,1,0,50,0,"white",1
"189",0,1,0,1,0,59,0,"white",0
"190",50,1,0,1,0,56,1,"white",1
"191",29,0,1,0,0,55,0,"black",1
"192",82,0,0,1,0,27,1,"white",1
"193",50,1,1,0,0,38,0,"black",0
"194",50,1,0,0,1,38,1,"hispanic",0
"195",50,1,1,0,0,43,1,"black",1
"196",91,1,1,0,0,44,0,"black",1
"197",25,1,1,0,0,26,1,"black",1
"198",50,1,1,0,0,53,1,"black",1
"199",87,0,1,0,0,55,1,"black",1
"200",100,0,1,0,0,23,0,"black",1
"201",50,1,1,0,0,25,1,"black",1
"202",50,1,1,0,0,40,1,"black",1
"203",50,1,1,0,0,26,1,"black",1
"204",50,0,1,0,0,58,1,"black",1
"205",50,0,1,0,0,37,1,"black",1
"206",51,1,1,0,0,19,1,"black",1
"207",100,1,1,0,0,77,1,"black",1
"208",50,1,1,0,0,62,0,"black",1
"209",50,0,1,0,0,75,1,"black",1
"210",63,0,1,0,0,56,1,"black",1
"211",0,0,1,0,0,57,1,"black",1
"212",100,1,1,0,0,26,0,"black",1
"213",70,1,1,0,0,21,0,"black",1
"214",39,1,1,0,0,30,0,"black",1
"215",50,0,0,1,0,68,0,"white",0
"216",98,0,1,0,0,51,1,"black",1
"217",50,1,1,0,0,75,1,"black",1
"218",0,0,1,0,0,18,1,"black",1
"219",0,0,0,0,1,42,1,"hispanic",1
"220",0,1,0,0,1,22,1,"hispanic",0
"221",50,1,1,0,0,45,1,"black",1
"222",0,1,1,0,0,22,1,"black",1
"223",50,0,1,0,0,72,0,"black",1
"224",50,0,1,0,0,60,1,"black",1
"225",100,1,1,0,0,52,1,"black",1
"226",50,1,1,0,0,61,0,"black",1
"227",52,0,1,0,0,66,1,"black",1
"228",100,1,0,0,1,23,1,"hispanic",0
"229",50,0,0,0,1,49,0,"hispanic",0
"230",50,0,0,0,1,51,1,"hispanic",0
"231",33,0,1,0,0,22,0,"black",1
"232",21,0,1,0,0,60,1,"black",1
"233",73,0,1,0,0,39,1,"black",1
"234",100,0,1,0,0,24,1,"black",1
"235",100,0,1,0,0,21,0,"black",1
"236",19,1,0,0,1,68,0,"hispanic",0
"237",6,1,0,0,1,68,1,"hispanic",1
"238",50,1,0,1,0,66,1,"white",1
"239",50,0,1,0,0,19,1,"black",0
"240",0,0,0,0,1,32,1,"hispanic",1
"241",0,0,0,1,0,32,0,"white",1
"242",50,0,0,1,0,68,1,"white",1
"243",50,1,0,1,0,88,1,"white",1
"244",66,1,1,0,0,62,0,"black",1
"245",94,0,1,0,0,32,0,"black",1
"246",50,0,0,0,1,68,1,"hispanic",1
"247",19,0,0,1,0,59,0,"white",1
"248",28,0,0,1,0,56,1,"white",1
"249",63,0,1,0,0,81,0,"black",1
"250",50,0,1,0,0,24,1,"black",1
"251",50,0,1,0,0,66,1,"black",1
"252",50,1,1,0,0,47,1,"black",1
"253",50,0,1,0,0,46,1,"black",1
"254",50,0,1,0,0,24,0,"black",0
"255",50,0,1,0,0,30,0,"black",1
"256",0,0,0,0,1,75,1,"hispanic",1
"257",100,0,1,0,0,44,1,"black",1
"258",98,0,1,0,0,46,0,"black",1
"259",0,0,1,0,0,23,1,"black",1
"260",50,1,0,0,1,60,1,"hispanic",0
"261",50,1,0,1,0,67,0,"white",1
"262",50,1,0,1,0,62,0,"white",1
"263",0,1,0,1,0,61,1,"white",1
"264",50,1,0,1,0,27,0,"white",1
"265",10,1,0,0,1,61,0,"hispanic",1
"266",0,1,0,0,1,27,1,"hispanic",1
"267",0,1,1,0,0,51,1,"black",1
"268",50,1,0,0,1,19,0,"hispanic",0
"269",50,0,0,0,1,43,1,"hispanic",0
"270",50,0,0,0,1,45,0,"hispanic",0
"271",50,1,1,0,0,51,1,"black",1
"272",50,1,1,0,0,31,0,"black",1
"273",50,1,1,0,0,30,0,"black",1
"274",50,0,0,1,0,50,0,"white",1
"275",50,1,0,1,0,33,0,"white",0
"276",100,0,0,0,1,19,0,"hispanic",0
"277",100,0,1,0,0,28,0,"black",1
"278",67,0,1,0,0,56,1,"black",1
"279",68,1,1,0,0,39,1,"black",1
"280",50,1,0,0,1,60,1,"hispanic",0
"281",98,1,1,0,0,36,1,"black",1
"282",50,0,1,0,0,25,1,"black",1
"283",100,0,0,0,1,30,0,"hispanic",0
"284",79,0,0,0,1,25,0,"hispanic",0
"285",100,1,1,0,0,25,0,"black",1
"286",50,0,1,0,0,41,0,"black",1
"287",50,0,0,0,1,18,0,"hispanic",0
"288",50,0,0,0,1,64,1,"hispanic",1
"289",50,1,0,1,0,54,1,"white",1
"290",42,0,1,0,0,58,1,"black",1
"291",74,1,0,0,1,30,0,"hispanic",0
"292",50,1,0,1,0,28,1,"white",0
"293",20,0,1,0,0,28,1,"black",1
"294",79,1,0,0,1,54,1,"hispanic",1
"295",100,0,0,0,1,51,0,"hispanic",1
"296",50,0,0,1,0,37,1,"white",0
"297",50,1,0,0,1,62,0,"hispanic",1
"298",50,1,0,0,1,51,1,"hispanic",1
"299",50,0,1,0,0,42,1,"black",1
"300",87,0,1,0,0,51,0,"black",1
"301",50,0,0,0,1,37,1,"hispanic",0
"302",50,0,0,1,0,87,1,"white",1
"303",50,0,0,0,1,54,0,"hispanic",1
"304",56,1,1,0,0,43,0,"black",0
"305",50,1,1,0,0,45,1,"black",1
"306",0,1,0,1,0,60,1,"white",1
"307",50,1,0,1,0,64,0,"white",0
"308",50,0,1,0,0,40,1,"black",1
"309",78,0,0,0,1,63,1,"hispanic",0
"310",50,1,1,0,0,62,0,"black",1
"311",50,1,0,1,0,61,1,"white",1
"312",50,1,0,1,0,57,0,"white",0
"313",50,1,0,1,0,61,1,"white",1
"314",50,1,1,0,0,53,1,"black",1
"315",50,1,0,0,1,72,0,"hispanic",1
"316",62,0,0,0,1,63,0,"hispanic",0
"317",50,0,0,0,1,57,0,"hispanic",0
"318",69,0,0,0,1,32,1,"hispanic",0
"319",50,1,1,0,0,65,1,"black",1
"320",0,0,0,0,1,49,0,"hispanic",0
"321",50,0,0,0,1,55,0,"hispanic",0
"322",50,1,0,1,0,58,0,"white",1
"323",0,0,0,1,0,67,0,"white",0
"324",4,0,0,1,0,54,1,"white",0
"325",50,0,1,0,0,52,1,"black",1
"326",100,1,1,0,0,34,0,"black",0
"327",100,1,1,0,0,22,1,"black",0
"328",99,0,1,0,0,44,0,"black",0
"329",40,1,0,0,1,71,1,"hispanic",1
"330",50,1,0,0,1,74,0,"hispanic",1
"331",0,1,0,0,1,38,0,"hispanic",0
"332",50,0,0,1,0,64,1,"white",1
"333",14,0,1,0,0,24,1,"black",1
"334",50,0,1,0,0,46,1,"black",1
"335",100,0,1,0,0,51,0,"black",1
"336",29,0,0,1,0,76,1,"white",1
"337",28,1,0,1,0,74,0,"white",0
"338",50,1,0,0,1,71,1,"hispanic",0
"339",50,1,1,0,0,56,1,"black",1
"340",15,0,0,0,1,25,1,"hispanic",0
"341",100,0,0,0,1,45,0,"hispanic",1
"342",100,0,0,0,1,55,1,"hispanic",1
"343",50,0,0,0,1,52,1,"hispanic",0
"344",90,0,0,0,1,20,1,"hispanic",0
"345",0,1,0,0,1,20,1,"hispanic",0
"346",50,1,0,0,1,64,1,"hispanic",0
"347",50,1,0,1,0,59,1,"white",0
"348",50,0,1,0,0,34,0,"black",0
"349",50,0,1,0,0,73,0,"black",1
"350",73,0,1,0,0,64,1,"black",1
"351",50,0,0,0,1,90,0,"hispanic",1
"352",29,0,0,1,0,27,1,"white",1
"353",50,0,0,0,1,57,0,"hispanic",0
"354",42,1,0,0,1,56,0,"hispanic",0
"355",50,0,0,0,1,71,0,"hispanic",1
"356",50,0,0,0,1,66,1,"hispanic",0
"357",80,1,0,0,1,69,0,"hispanic",1
"358",0,1,0,0,1,18,0,"hispanic",1
"359",0,0,0,0,1,18,1,"hispanic",0
"360",0,0,0,0,1,20,0,"hispanic",1
"361",50,1,0,0,1,65,1,"hispanic",1
"362",50,1,0,0,1,46,1,"hispanic",0
"363",50,1,0,0,1,41,0,"hispanic",1
"364",50,0,0,0,1,21,1,"hispanic",0
"365",50,0,1,0,0,47,0,"black",1
"366",20,0,0,0,1,53,1,"hispanic",1
"367",0,0,0,0,1,60,0,"hispanic",1
"368",0,0,0,0,1,19,1,"hispanic",1
"369",20,1,0,1,0,34,0,"white",0
"370",26,1,0,1,0,36,1,"white",0
"371",73,1,0,0,1,29,1,"hispanic",0
"372",100,1,0,0,1,51,0,"hispanic",0
"373",100,1,0,0,1,50,1,"hispanic",0
"374",0,1,0,0,1,87,1,"hispanic",0
"375",52,1,0,0,1,47,1,"hispanic",0
"376",0,0,0,0,1,19,1,"hispanic",1
"377",100,1,1,0,0,24,0,"black",1
"378",73,1,0,0,1,52,1,"hispanic",1
"379",100,1,0,1,0,46,0,"white",1
"380",42,1,0,0,1,39,1,"hispanic",1
"381",100,1,1,0,0,65,1,"black",1
"382",50,0,0,0,1,42,1,"hispanic",0
"383",50,0,0,0,1,56,1,"hispanic",0
"384",50,1,0,1,0,56,0,"white",0
"385",49,0,0,0,1,54,1,"hispanic",0
"386",100,1,1,0,0,30,1,"black",1
"387",77,0,0,0,1,20,0,"hispanic",0
"388",100,1,0,0,1,51,0,"hispanic",0
"389",50,1,0,1,0,60,0,"white",1
"390",78,0,0,0,1,61,0,"hispanic",0
"391",63,0,0,0,1,58,1,"hispanic",0
"392",60,0,0,0,1,24,0,"hispanic",0
"393",100,1,1,0,0,43,0,"black",1
"394",50,1,1,0,0,40,1,"black",0
"395",50,1,0,1,0,77,0,"white",0
"396",50,0,1,0,0,24,0,"black",1
"397",0,1,0,0,1,55,0,"hispanic",0
"398",50,1,0,1,0,40,1,"white",0
"399",100,1,1,0,0,72,1,"black",1
"400",0,1,1,0,0,55,1,"black",1
"401",11,0,0,0,1,62,1,"hispanic",0
"402",51,1,0,0,1,27,1,"hispanic",0
"403",70,1,0,0,1,57,1,"hispanic",0
"404",50,1,0,0,1,63,1,"hispanic",0
"405",6,1,0,0,1,26,0,"hispanic",0
"406",0,1,0,0,1,53,1,"hispanic",0
"407",100,1,0,1,0,53,0,"white",0
"408",50,1,1,0,0,43,1,"black",1
"409",50,0,1,0,0,71,1,"black",1
"410",50,0,1,0,0,27,0,"black",0
"411",50,0,1,0,0,30,1,"black",1
"412",40,0,0,1,0,63,0,"white",1
"413",0,1,0,1,0,60,0,"white",1
"414",50,1,0,1,0,59,0,"white",0
"415",91,1,0,1,0,43,0,"white",0
"416",93,0,0,1,0,80,1,"white",1
"417",50,0,0,1,0,53,0,"white",1
"418",50,0,0,1,0,48,1,"white",0
"419",6,0,1,0,0,27,0,"black",1
"420",0,0,1,0,0,34,0,"black",0
"421",0,1,1,0,0,61,1,"black",0
"422",78,0,1,0,0,24,0,"black",1
"423",80,0,1,0,0,30,0,"black",1
"424",50,0,1,0,0,62,1,"black",1
"425",100,0,1,0,0,66,1,"black",1
"426",50,0,0,0,1,54,1,"hispanic",1
"427",50,0,0,0,1,59,0,"hispanic",0
"428",50,0,1,0,0,25,0,"black",1
"429",50,1,1,0,0,62,0,"black",1
"430",12,0,1,0,0,23,1,"black",1
"431",48,0,0,0,1,44,1,"hispanic",0
"432",49,1,0,0,1,56,0,"hispanic",1
"433",65,0,0,0,1,56,1,"hispanic",1
"434",10,0,0,0,1,24,1,"hispanic",1
"435",16,0,0,0,1,35,1,"hispanic",1
"436",50,0,1,0,0,62,0,"black",0
"437",50,0,1,0,0,61,1,"black",1
"438",50,1,0,0,1,55,1,"hispanic",0
"439",0,1,0,1,0,56,1,"white",1
"440",50,1,0,1,0,19,0,"white",0
"441",50,1,0,0,1,47,1,"hispanic",0
"442",27,0,0,0,1,42,0,"hispanic",0
"443",24,0,0,1,0,58,1,"white",0
"444",20,1,0,1,0,65,0,"white",1
"445",50,1,0,0,1,50,1,"hispanic",0
"446",38,0,0,1,0,80,0,"white",1
"447",12,0,0,1,0,69,1,"white",1
"448",54,0,0,1,0,53,1,"white",0
"449",20,0,0,1,0,56,0,"white",1
"450",0,0,0,0,1,30,0,"hispanic",0
"451",100,0,1,0,0,20,0,"black",1
"452",11,0,0,0,1,41,1,"hispanic",0
"453",50,1,0,0,1,52,1,"hispanic",0
"454",12,1,1,0,0,44,1,"black",1
"455",50,0,0,0,1,18,1,"hispanic",0
"456",50,0,0,0,1,46,1,"hispanic",1
"457",100,0,0,0,1,42,1,"hispanic",1
"458",0,1,0,0,1,25,1,"hispanic",0
"459",75,1,0,1,0,49,1,"white",0
"460",40,1,0,0,1,28,0,"hispanic",1
"461",50,1,0,1,0,57,1,"white",0
"462",50,1,0,0,1,53,0,"hispanic",0
"463",25,0,0,0,1,24,0,"hispanic",0
"464",69,1,0,0,1,77,1,"hispanic",0
"465",50,1,0,0,1,73,0,"hispanic",0
"466",50,0,0,1,0,60,1,"white",0
"467",50,0,0,1,0,52,1,"white",0
"468",100,0,0,1,0,61,0,"white",1
"469",50,1,0,0,1,77,0,"hispanic",0
"470",50,1,0,0,1,44,0,"hispanic",0
"471",90,1,0,0,1,22,0,"hispanic",1
"472",100,1,0,0,1,53,1,"hispanic",0
"473",100,1,0,0,1,23,0,"hispanic",0
"474",68,0,1,0,0,59,1,"black",1
"475",25,0,0,0,1,47,0,"hispanic",1
"476",89,1,0,0,1,63,0,"hispanic",0
"477",100,0,0,0,1,52,1,"hispanic",0
"478",100,0,0,1,0,49,0,"white",0
"479",92,0,0,0,1,33,1,"hispanic",0
"480",100,0,0,0,1,33,0,"hispanic",0
"481",50,1,0,0,1,59,0,"hispanic",0
"482",51,1,0,0,1,61,1,"hispanic",0
"483",96,1,0,0,1,75,0,"hispanic",0
"484",50,1,0,0,1,29,1,"hispanic",0
"485",0,1,0,1,0,52,0,"white",1
"486",30,1,0,0,1,52,1,"hispanic",1
"487",64,0,0,0,1,54,1,"hispanic",1
"488",69,0,0,0,1,66,0,"hispanic",1
"489",50,0,1,0,0,42,0,"black",1
"490",50,1,0,0,1,37,0,"hispanic",0
"491",100,1,0,0,1,83,0,"hispanic",0
"492",44,0,0,0,1,30,1,"hispanic",0
"493",50,0,0,0,1,33,1,"hispanic",0
"494",100,0,0,1,0,77,0,"white",0
"495",100,0,0,0,1,66,1,"hispanic",0
"496",50,0,0,1,0,64,0,"white",1
"497",50,0,0,1,0,76,1,"white",1
"498",0,1,0,0,1,55,0,"hispanic",1
"499",13,1,1,0,0,53,1,"black",1
"500",6,0,0,0,1,72,1,"hispanic",1
"501",0,1,0,1,0,49,1,"white",1
"502",0,1,0,1,0,36,1,"white",1
"503",0,1,0,1,0,62,1,"white",1
"504",50,1,0,0,1,52,1,"hispanic",1
"505",0,1,0,0,1,24,1,"hispanic",0
"506",10,1,0,1,0,62,0,"white",1
"507",1,0,0,1,0,41,1,"white",0
"508",50,1,1,0,0,36,1,"black",1
"509",50,1,0,0,1,45,1,"hispanic",0
"510",50,1,0,0,1,46,0,"hispanic",0
"511",50,0,0,0,1,40,1,"hispanic",1
"512",50,0,0,1,0,66,1,"white",0
"513",98,1,1,0,0,40,1,"black",1
"514",64,1,1,0,0,39,0,"black",1
"515",7,1,0,0,1,41,0,"hispanic",0
"516",50,1,0,0,1,55,1,"hispanic",0
"517",52,1,0,1,0,46,1,"white",0
"518",50,0,0,0,1,24,0,"hispanic",0
"519",50,1,0,0,1,19,0,"hispanic",0
"520",50,1,0,0,1,29,0,"hispanic",1
"521",50,1,0,1,0,51,1,"white",0
"522",50,1,1,0,0,55,0,"black",1
"523",40,1,1,0,0,58,1,"black",1
"524",50,0,0,1,0,40,0,"white",0
"525",50,0,0,1,0,34,1,"white",0
"526",0,0,0,0,1,19,1,"hispanic",0
"527",30,0,0,0,1,49,0,"hispanic",0
"528",11,0,0,0,1,42,1,"hispanic",0
"529",50,1,0,1,0,74,0,"white",1
"530",0,0,0,0,1,48,1,"hispanic",0
"531",0,0,0,0,1,76,1,"hispanic",0
"532",50,0,0,0,1,64,1,"hispanic",0
"533",59,0,0,0,1,41,0,"hispanic",0
"534",100,0,1,0,0,43,1,"black",1
"535",100,0,1,0,0,19,1,"black",1
"536",50,0,0,0,1,69,0,"hispanic",1
"537",50,0,0,0,1,69,1,"hispanic",1
"538",50,1,0,1,0,60,0,"white",0
"539",64,1,0,0,1,60,1,"hispanic",0
"540",0,1,0,1,0,69,0,"white",1
"541",0,0,0,0,1,23,1,"hispanic",0
"542",50,0,0,1,0,47,1,"white",0
"543",0,1,0,0,1,53,0,"hispanic",1
"544",0,1,0,0,1,42,0,"hispanic",1
"545",50,1,0,0,1,68,1,"hispanic",1
"546",50,0,0,0,1,25,1,"hispanic",0
"547",50,1,0,1,0,69,1,"white",1
"548",100,1,0,0,1,50,0,"hispanic",0
"549",100,0,0,0,1,51,0,"hispanic",0
"550",100,0,0,1,0,72,0,"white",1
"551",0,0,0,1,0,59,1,"white",0
"552",100,1,0,0,1,69,0,"hispanic",0
"553",50,1,0,0,1,66,1,"hispanic",0
"554",38,0,0,0,1,34,1,"hispanic",1
"555",71,0,0,1,0,69,0,"white",0
"556",50,1,0,0,1,29,0,"hispanic",0
"557",50,1,0,0,1,34,1,"hispanic",0
"558",50,0,0,1,0,42,1,"white",0
"559",50,0,0,1,0,64,1,"white",1
"560",0,1,0,0,1,23,1,"hispanic",0
"561",50,1,0,0,1,56,0,"hispanic",0
"562",0,0,0,0,1,39,1,"hispanic",0
"563",50,0,0,0,1,47,0,"hispanic",1
"564",0,1,0,0,1,54,1,"hispanic",0
"565",50,1,1,0,0,24,1,"black",1
"566",50,1,0,1,0,80,1,"white",1
"567",0,0,0,1,0,39,0,"white",1
"568",16,0,0,1,0,38,0,"white",1
"569",50,1,0,0,1,52,0,"hispanic",1
"570",0,1,0,0,1,50,1,"hispanic",1
"571",84,1,0,1,0,41,0,"white",0
"572",100,1,1,0,0,38,1,"black",1
"573",0,1,0,1,0,43,0,"white",1
"574",23,1,0,1,0,43,1,"white",1
"575",0,1,0,1,0,43,1,"white",1
"576",29,0,0,0,1,30,0,"hispanic",0
"577",50,0,0,0,1,28,1,"hispanic",0
"578",33,1,0,0,1,76,1,"hispanic",0
"579",0,1,0,0,1,54,1,"hispanic",0
"580",50,1,0,0,1,36,0,"hispanic",1
"581",40,1,0,0,1,54,1,"hispanic",0
"582",38,1,0,0,1,21,1,"hispanic",0
"583",50,1,0,0,1,53,1,"hispanic",0
"584",50,0,0,0,1,55,1,"hispanic",1
"585",0,1,0,1,0,61,1,"white",0
"586",0,0,0,1,0,65,1,"white",1
"587",30,1,0,1,0,63,1,"white",0
"588",31,0,0,1,0,21,1,"white",0
"589",50,0,1,0,0,25,0,"black",0
"590",60,0,1,0,0,52,1,"black",1
"591",66,1,1,0,0,26,1,"black",1
"592",91,1,1,0,0,19,0,"black",1
"593",50,1,0,1,0,80,0,"white",0
"594",0,1,0,0,1,37,1,"hispanic",1
"595",0,0,0,0,1,40,1,"hispanic",1
"596",0,0,0,0,1,47,1,"hispanic",0
"597",26,0,0,1,0,47,0,"white",0
"598",50,0,0,0,1,65,1,"hispanic",0
"599",0,0,0,0,1,26,1,"hispanic",1
"600",36,1,0,0,1,25,0,"hispanic",0
"601",50,0,0,1,0,64,0,"white",0
"602",0,1,1,0,0,31,1,"black",1
"603",64,1,1,0,0,41,1,"black",0
"604",60,0,0,1,0,55,1,"white",0
"605",50,0,1,0,0,38,1,"black",1
"606",29,1,1,0,0,29,0,"black",1
"607",12,0,0,1,0,71,1,"white",1
"608",100,0,1,0,0,23,1,"black",1
"609",71,0,0,1,0,63,1,"white",0
"610",68,0,0,1,0,62,0,"white",1
"611",0,1,0,1,0,73,1,"white",1
"612",50,0,0,1,0,68,0,"white",1
"613",56,1,1,0,0,53,0,"black",1
"614",50,1,0,0,1,29,1,"hispanic",1
"615",29,1,1,0,0,20,1,"black",1
"616",50,1,1,0,0,61,1,"black",1
"617",24,0,0,1,0,37,0,"white",0
"618",50,0,0,0,1,51,1,"hispanic",0
"619",0,0,1,0,0,40,1,"black",1
"620",44,0,1,0,0,19,1,"black",0
"621",50,0,1,0,0,43,0,"black",1
"622",3,1,1,0,0,51,1,"black",1
"623",50,1,1,0,0,27,0,"black",0
"624",100,1,0,1,0,68,0,"white",0
"625",100,1,0,0,1,25,1,"hispanic",1
"626",100,1,1,0,0,47,1,"black",1
"627",57,0,0,0,1,32,0,"hispanic",1
"628",50,0,0,0,1,38,1,"hispanic",0
"629",16,1,1,0,0,49,1,"black",1
"630",9,1,1,0,0,26,0,"black",1
"631",0,1,1,0,0,20,1,"black",1
"632",91,0,1,0,0,44,0,"black",0
"633",50,1,1,0,0,66,1,"black",1
"634",50,0,1,0,0,26,1,"black",1
"635",100,0,0,0,1,59,0,"hispanic",0
"636",65,1,0,0,1,77,0,"hispanic",1
"637",50,1,0,0,1,72,1,"hispanic",1
"638",100,1,1,0,0,30,1,"black",1
"639",0,1,0,0,1,21,1,"hispanic",1
"640",50,1,0,0,1,73,1,"hispanic",0
"641",0,0,0,1,0,31,1,"white",1
"642",50,0,0,1,0,20,1,"white",1
"643",0,0,1,0,0,41,0,"black",1
"644",17,1,0,0,1,17,1,"hispanic",1
"645",12,1,0,0,1,16,0,"hispanic",1
"646",50,0,0,0,1,51,1,"hispanic",1
"647",21,0,0,0,1,24,0,"hispanic",1
"648",0,1,1,0,0,60,1,"black",1
"649",50,0,1,0,0,47,1,"black",1
"650",100,1,0,1,0,30,1,"white",0
"651",82,1,0,0,1,59,1,"hispanic",0
"652",50,1,0,1,0,67,0,"white",0
"653",55,0,0,0,1,23,0,"hispanic",0
"654",15,0,0,0,1,20,1,"hispanic",0
"655",50,1,0,0,1,53,0,"hispanic",1
"656",50,1,0,0,1,64,1,"hispanic",0
"657",26,0,0,0,1,29,1,"hispanic",1
"658",40,1,1,0,0,38,1,"black",1
"659",50,1,0,1,0,62,0,"white",1
"660",20,1,0,0,1,32,1,"hispanic",1
"661",81,1,0,1,0,42,1,"white",1
"662",48,0,0,1,0,63,1,"white",0
"663",57,0,1,0,0,68,1,"black",1
"664",50,0,0,1,0,35,1,"white",0
"665",100,0,1,0,0,71,1,"black",1
"666",0,0,1,0,0,18,1,"black",1
"667",0,0,1,0,0,26,1,"black",1
"668",100,0,0,0,1,22,1,"hispanic",0
"669",77,0,0,0,1,19,1,"hispanic",0
"670",50,0,0,1,0,56,1,"white",1
"671",50,1,0,0,1,84,1,"hispanic",0
"672",0,1,0,0,1,25,1,"hispanic",1
"673",20,1,0,0,1,19,0,"hispanic",0
"674",75,0,0,0,1,31,1,"hispanic",0
"675",50,0,1,0,0,54,1,"black",1
"676",62,0,0,0,1,44,0,"hispanic",0
"677",51,0,0,0,1,43,1,"hispanic",0
"678",0,1,1,0,0,32,1,"black",0
"679",99,0,1,0,0,61,1,"black",1
"680",0,0,1,0,0,43,1,"black",1
"681",50,1,0,1,0,59,0,"white",0
"682",70,1,0,0,1,63,1,"hispanic",0
"683",50,1,0,0,1,48,1,"hispanic",0
"684",0,1,1,0,0,39,1,"black",1
"685",50,1,0,0,1,49,0,"hispanic",0
"686",50,1,0,0,1,39,1,"hispanic",0
"687",89,0,1,0,0,60,1,"black",1
"688",0,0,0,0,1,35,0,"hispanic",1
"689",50,0,1,0,0,18,1,"black",0
"690",93,0,1,0,0,45,1,"black",0
"691",50,0,1,0,0,48,1,"black",1
"692",51,0,0,1,0,72,1,"white",1
"693",50,1,1,0,0,66,1,"black",0
"694",0,1,1,0,0,34,0,"black",1
"695",50,0,0,0,1,65,0,"hispanic",0
"696",50,0,1,0,0,28,1,"black",1
"697",50,0,1,0,0,53,1,"black",1
"698",50,0,0,0,1,51,0,"hispanic",0
"699",100,1,0,0,1,43,1,"hispanic",0
"700",100,1,0,0,1,43,0,"hispanic",0
"701",100,1,0,0,1,58,1,"hispanic",0
"702",50,0,1,0,0,32,1,"black",1
"703",0,1,0,0,1,33,0,"hispanic",0
"704",100,0,0,0,1,44,0,"hispanic",0
"705",50,0,0,0,1,40,1,"hispanic",0
"706",0,0,0,0,1,41,0,"hispanic",0
"707",0,0,0,0,1,68,1,"hispanic",0
"708",50,1,1,0,0,35,1,"black",1
"709",90,0,1,0,0,25,1,"black",1
"710",93,0,1,0,0,19,0,"black",1
"711",50,1,1,0,0,56,1,"black",1
"712",0,1,0,1,0,66,1,"white",1
"713",0,1,0,1,0,42,0,"white",0
"714",85,0,1,0,0,34,0,"black",1
"715",50,0,0,1,0,50,0,"white",1
"716",50,0,0,0,1,51,0,"hispanic",0
"717",91,0,0,0,1,19,1,"hispanic",0
"718",100,0,1,0,0,64,1,"black",1
"719",100,0,1,0,0,44,0,"black",1
"720",19,0,1,0,0,50,1,"black",1
"721",67,1,1,0,0,53,1,"black",1
"722",95,0,0,1,0,41,1,"white",0
"723",55,0,0,1,0,19,1,"white",0
"724",50,0,1,0,0,55,1,"black",1
"725",39,0,1,0,0,60,0,"black",0
"726",50,0,1,0,0,23,0,"black",1
"727",50,0,1,0,0,70,0,"black",1
"728",50,0,1,0,0,51,1,"black",1
"729",50,1,1,0,0,32,0,"black",1
"730",100,1,1,0,0,53,1,"black",1
"731",50,1,0,0,1,23,1,"hispanic",0
"732",50,1,1,0,0,36,1,"black",1
"733",100,0,0,0,1,66,0,"hispanic",1
"734",50,1,1,0,0,24,0,"black",1
"735",50,1,1,0,0,55,1,"black",1
"736",65,1,1,0,0,22,0,"black",1
"737",50,1,0,0,1,59,1,"hispanic",1
"738",0,1,1,0,0,40,1,"black",1
"739",100,0,0,0,1,25,1,"hispanic",0
"740",40,1,0,0,1,20,1,"hispanic",0
"741",66,0,1,0,0,58,0,"black",1
"742",18,0,0,1,0,71,0,"white",1
"743",100,1,0,0,1,39,1,"hispanic",0
"744",51,1,1,0,0,42,0,"black",0
"745",4,0,1,0,0,23,0,"black",0
"746",95,1,0,0,1,58,0,"hispanic",0
"747",96,1,0,0,1,28,1,"hispanic",0
"748",57,1,1,0,0,37,0,"black",1
"749",50,0,0,1,0,23,1,"white",0
"750",10,0,1,0,0,49,0,"black",1
"751",50,0,1,0,0,29,1,"black",1
"752",100,1,0,0,1,45,1,"hispanic",0
"753",30,1,1,0,0,52,1,"black",1
"754",0,1,1,0,0,20,0,"black",1
"755",14,1,1,0,0,73,0,"black",1
"756",100,1,1,0,0,63,0,"black",1
"757",94,1,1,0,0,30,1,"black",1
"758",0,0,0,0,1,31,1,"hispanic",0
"759",55,0,0,0,1,30,1,"hispanic",0
"760",0,0,0,1,0,77,0,"white",1
"761",10,0,0,1,0,67,1,"white",1
"762",89,0,0,1,0,29,1,"white",0
"763",81,1,1,0,0,19,0,"black",1
"764",37,0,1,0,0,21,1,"black",1
"765",100,1,0,0,1,27,0,"hispanic",1
"766",50,1,1,0,0,37,1,"black",1
"767",50,1,1,0,0,19,0,"black",0
"768",50,1,1,0,0,55,0,"black",1
"769",50,0,0,0,1,43,1,"hispanic",1
"770",50,0,0,0,1,57,0,"hispanic",0
"771",35,1,0,1,0,65,0,"white",1
"772",21,1,0,1,0,46,0,"white",1
"773",10,1,0,1,0,54,0,"white",1
"774",50,0,1,0,0,73,0,"black",1
"775",10,0,1,0,0,24,1,"black",1
"776",100,0,1,0,0,20,0,"black",1
"777",50,0,0,1,0,66,0,"white",0
"778",7,1,0,0,1,20,0,"hispanic",1
"779",0,0,1,0,0,19,0,"black",1
"780",50,0,0,0,1,44,0,"hispanic",0
"781",50,1,1,0,0,63,0,"black",1
"782",50,1,1,0,0,22,1,"black",0
"783",50,1,1,0,0,25,0,"black",1
"784",0,0,0,1,0,66,1,"white",0
"785",50,1,0,1,0,48,0,"white",1
"786",50,1,0,1,0,57,1,"white",1
"787",0,1,0,1,0,58,0,"white",1
"788",50,0,1,0,0,65,0,"black",1
"789",50,0,1,0,0,21,0,"black",1
"790",50,0,1,0,0,43,1,"black",1
"791",49,0,1,0,0,58,1,"black",1
"792",50,0,1,0,0,21,1,"black",0
"793",50,1,1,0,0,63,1,"black",1
"794",50,1,1,0,0,64,1,"black",1
"795",100,1,1,0,0,73,1,"black",1
"796",100,1,1,0,0,53,1,"black",1
"797",0,0,1,0,0,61,1,"black",1
"798",15,0,1,0,0,37,1,"black",1
"799",50,1,0,0,1,22,0,"hispanic",1
"800",0,1,1,0,0,55,1,"black",1
"801",50,1,1,0,0,33,1,"black",1
"802",50,0,1,0,0,72,1,"black",1
"803",50,1,1,0,0,19,1,"black",1
"804",50,1,1,0,0,38,1,"black",1
"805",91,0,1,0,0,34,1,"black",0
"806",100,0,1,0,0,38,0,"black",1
"807",61,0,1,0,0,46,0,"black",1
"808",0,0,1,0,0,45,1,"black",0
"809",50,1,1,0,0,70,1,"black",1
"810",50,1,1,0,0,38,1,"black",0
"811",50,1,1,0,0,19,0,"black",1
"812",50,1,0,1,0,30,0,"white",1
"813",64,0,1,0,0,66,1,"black",1
"814",50,1,1,0,0,75,1,"black",1
"815",89,0,1,0,0,56,1,"black",1
"816",0,1,1,0,0,20,1,"black",1
"817",100,1,1,0,0,68,1,"black",1
"818",54,1,1,0,0,45,1,"black",1
"819",0,1,1,0,0,45,1,"black",1
"820",0,1,1,0,0,19,1,"black",1
"821",50,0,1,0,0,69,1,"black",1
"822",50,0,1,0,0,77,0,"black",1
"823",50,1,1,0,0,24,1,"black",1
"824",50,1,1,0,0,41,1,"black",1
"825",0,0,1,0,0,66,1,"black",0
"826",50,0,1,0,0,71,1,"black",1
"827",50,0,1,0,0,35,1,"black",1
"828",50,0,1,0,0,32,1,"black",1
"829",0,0,1,0,0,56,1,"black",1
"830",50,0,1,0,0,61,0,"black",1
"831",50,0,1,0,0,21,1,"black",0
"832",27,0,1,0,0,18,0,"black",1
"833",20,0,0,0,1,21,1,"hispanic",1
"834",60,0,0,0,1,53,0,"hispanic",0
"835",63,0,0,0,1,39,1,"hispanic",0
"836",20,1,1,0,0,36,0,"black",1
"837",50,0,0,0,1,35,1,"hispanic",0
"838",70,0,1,0,0,65,1,"black",1
"839",50,0,0,0,1,24,1,"hispanic",0
"840",50,0,1,0,0,52,1,"black",1
"841",0,0,1,0,0,27,0,"black",1
"842",50,0,0,0,1,89,1,"hispanic",1
"843",50,0,0,1,0,18,1,"white",0
"844",50,0,0,1,0,24,0,"white",0
"845",95,1,0,0,1,36,1,"hispanic",0
"846",17,1,1,0,0,64,1,"black",1
"847",50,1,1,0,0,45,0,"black",1
"848",64,1,1,0,0,20,1,"black",1
"849",50,1,0,1,0,58,1,"white",1
"850",50,0,1,0,0,49,0,"black",1
"851",60,0,1,0,0,56,0,"black",1
"852",50,0,1,0,0,55,1,"black",1
"853",99,0,1,0,0,61,1,"black",1
"854",0,0,1,0,0,20,0,"black",1
"855",49,1,1,0,0,50,0,"black",0
"856",50,1,1,0,0,49,1,"black",1
"857",4,0,0,1,0,67,0,"white",1
"858",50,0,0,1,0,24,1,"white",1
"859",100,1,0,0,1,33,0,"hispanic",1
"860",50,0,0,0,1,35,0,"hispanic",0
"861",50,1,0,0,1,24,1,"hispanic",1
"862",50,0,0,0,1,27,0,"hispanic",1
"863",76,0,1,0,0,65,1,"black",1
"864",71,0,1,0,0,26,1,"black",1
"865",100,1,0,0,1,52,0,"hispanic",0
"866",100,1,0,0,1,85,1,"hispanic",0
"867",0,1,1,0,0,33,1,"black",1
"868",0,0,0,0,1,46,1,"hispanic",0
"869",23,0,0,0,1,52,0,"hispanic",0
"870",50,1,0,0,1,47,0,"hispanic",0
"871",50,1,0,0,1,36,1,"hispanic",1
"872",58,1,1,0,0,19,0,"black",1
"873",38,1,1,0,0,22,1,"black",0
"874",24,1,1,0,0,51,1,"black",1
"875",50,1,0,0,1,26,1,"hispanic",1
"876",100,1,1,0,0,68,0,"black",1
"877",100,1,1,0,0,73,1,"black",1
"878",50,0,0,0,1,58,0,"hispanic",0
"879",50,0,1,0,0,42,1,"black",0
"880",10,0,1,0,0,45,0,"black",1
"881",100,1,1,0,0,35,0,"black",1
"882",50,0,1,0,0,58,1,"black",1
"883",50,0,0,0,1,58,1,"hispanic",1
"884",50,0,0,0,1,26,1,"hispanic",0
"885",50,0,1,0,0,26,0,"black",0
"886",50,0,0,0,1,54,1,"hispanic",0
"887",74,0,1,0,0,24,0,"black",0
"888",50,0,0,0,1,49,1,"hispanic",0
"889",13,1,0,0,1,29,1,"hispanic",0
"890",24,1,0,0,1,31,0,"hispanic",0
"891",37,1,1,0,0,66,1,"black",1
"892",41,1,1,0,0,67,0,"black",1
"893",100,0,0,0,1,30,1,"hispanic",0
"894",45,0,0,0,1,66,0,"hispanic",0
"895",50,0,1,0,0,20,0,"black",1
"896",50,1,1,0,0,61,1,"black",1
"897",33,1,1,0,0,33,0,"black",1
"898",50,0,1,0,0,51,0,"black",1
"899",50,0,1,0,0,21,1,"black",1
"900",50,1,0,0,1,55,0,"hispanic",0
"901",0,0,0,0,1,54,0,"hispanic",1
"902",50,1,1,0,0,37,1,"black",0
"903",100,0,1,0,0,32,1,"black",1
"904",50,0,1,0,0,28,1,"black",1
"905",50,1,1,0,0,21,1,"black",1
"906",9,1,0,0,1,32,1,"hispanic",1
"907",39,1,0,0,1,19,1,"hispanic",1
"908",44,1,0,0,1,21,1,"hispanic",1
"909",50,1,0,0,1,52,1,"hispanic",1
"910",72,0,1,0,0,23,1,"black",0
"911",50,1,1,0,0,46,1,"black",1
"912",0,1,1,0,0,21,1,"black",0
"913",55,1,1,0,0,61,1,"black",1
"914",2,0,1,0,0,64,1,"black",0
"915",50,1,0,0,1,52,0,"hispanic",0
"916",50,0,1,0,0,59,1,"black",1
"917",0,1,0,1,0,45,1,"white",1
"918",50,1,0,0,1,58,1,"hispanic",1
"919",50,1,0,1,0,66,0,"white",0
"920",0,0,0,0,1,22,1,"hispanic",1
"921",50,1,1,0,0,53,1,"black",1
"922",50,0,0,0,1,54,1,"hispanic",0
"923",16,0,1,0,0,24,0,"black",0
"924",54,0,0,0,1,78,1,"hispanic",0
"925",17,0,0,0,1,31,1,"hispanic",0
"926",10,0,0,0,1,54,0,"hispanic",1
"927",0,0,0,0,1,19,0,"hispanic",0
"928",65,1,1,0,0,21,0,"black",0
"929",50,1,1,0,0,42,1,"black",1
"930",50,0,0,0,1,37,0,"hispanic",1
"931",100,0,0,0,1,67,0,"hispanic",0
"932",0,1,1,0,0,65,1,"black",0
"933",3,1,0,1,0,46,0,"white",0
"934",50,1,0,1,0,68,1,"white",0
"935",50,1,0,1,0,48,1,"white",0
"936",50,1,1,0,0,67,1,"black",1
"937",100,1,1,0,0,48,1,"black",1
"938",50,1,1,0,0,44,1,"black",1
"939",50,1,1,0,0,18,1,"black",1
"940",50,1,1,0,0,56,1,"black",1
"941",41,1,1,0,0,60,0,"black",1
"942",50,1,0,0,1,56,0,"hispanic",1
"943",50,1,0,0,1,21,0,"hispanic",0
"944",50,0,1,0,0,22,0,"black",0
"945",100,0,0,1,0,33,0,"white",1
"946",0,1,0,0,1,55,1,"hispanic",1
"947",50,0,0,1,0,78,1,"white",0
"948",24,1,1,0,0,55,0,"black",0
"949",76,1,0,0,1,61,0,"hispanic",0
"950",46,1,0,0,1,25,0,"hispanic",0
"951",76,1,0,0,1,30,0,"hispanic",0
"952",50,1,1,0,0,77,0,"black",1
"953",100,1,1,0,0,24,1,"black",0
"954",90,0,1,0,0,67,1,"black",1
"955",61,0,1,0,0,20,1,"black",0
"956",100,0,1,0,0,49,0,"black",1
"957",15,1,1,0,0,65,1,"black",1
"958",10,0,0,0,1,42,1,"hispanic",1
"959",0,0,0,0,1,21,1,"hispanic",1
"960",0,1,0,0,1,30,1,"hispanic",0
"961",0,1,0,0,1,32,0,"hispanic",1
"962",50,1,1,0,0,23,1,"black",1
"963",84,1,1,0,0,48,1,"black",1
"964",50,1,1,0,0,20,1,"black",1
"965",50,0,1,0,0,22,1,"black",1
"966",50,0,1,0,0,72,0,"black",1
"967",0,0,1,0,0,20,1,"black",1
"968",50,1,1,0,0,35,1,"black",1
"969",100,0,0,0,1,26,1,"hispanic",1
"970",0,1,1,0,0,59,1,"black",1
"971",71,0,1,0,0,68,1,"black",0
"972",84,0,1,0,0,73,0,"black",0
"973",0,0,0,0,1,61,1,"hispanic",0
"974",0,0,0,0,1,50,1,"hispanic",0
"975",100,0,1,0,0,57,0,"black",1
"976",100,0,1,0,0,84,1,"black",1
"977",55,0,1,0,0,28,0,"black",0
"978",0,1,0,0,1,56,1,"hispanic",1
"979",50,0,0,0,1,30,1,"hispanic",0
"980",50,1,0,1,0,70,0,"white",0
"981",50,1,0,1,0,52,0,"white",1
"982",50,1,0,1,0,53,1,"white",1
"983",10,1,0,1,0,19,1,"white",1
"984",50,1,0,0,1,34,1,"hispanic",0
"985",40,0,0,0,1,59,1,"hispanic",1
"986",50,0,0,0,1,19,1,"hispanic",0
"987",50,0,0,0,1,21,0,"hispanic",1
"988",0,0,0,1,0,50,0,"white",0
"989",100,1,0,0,1,40,1,"hispanic",1
"990",50,1,0,0,1,50,0,"hispanic",1
"991",50,0,0,1,0,26,0,"white",0
"992",50,0,0,1,0,66,1,"white",0
"993",90,0,0,0,1,45,1,"hispanic",1
"994",50,1,0,0,1,49,1,"hispanic",0
"995",50,0,0,1,0,60,1,"white",1
"996",20,0,0,0,1,31,0,"hispanic",0
"997",7,1,0,1,0,50,1,"white",0
"998",50,1,0,1,0,53,0,"white",0
"999",77,0,0,1,0,54,0,"white",0
"1000",50,0,0,1,0,68,0,"white",0
"1001",50,1,0,0,1,61,0,"hispanic",1
"1002",100,0,0,0,1,59,1,"hispanic",0
"1003",50,1,0,0,1,29,0,"hispanic",0
"1004",50,0,0,0,1,66,1,"hispanic",1
"1005",50,0,0,1,0,21,0,"white",1
"1006",100,0,0,0,1,68,0,"hispanic",1
"1007",100,0,0,0,1,31,0,"hispanic",1
"1008",72,1,0,0,1,69,1,"hispanic",0
"1009",97,1,0,0,1,70,0,"hispanic",0
"1010",80,0,0,0,1,45,1,"hispanic",0
"1011",50,0,0,0,1,73,1,"hispanic",1
"1012",50,0,0,0,1,35,1,"hispanic",1
"1013",50,0,0,1,0,91,0,"white",1
"1014",50,1,0,0,1,23,0,"hispanic",0
"1015",22,0,0,0,1,53,0,"hispanic",0
"1016",0,0,0,0,1,52,1,"hispanic",1
"1017",50,1,0,0,1,24,1,"hispanic",0
"1018",50,1,0,0,1,36,1,"hispanic",0
"1019",50,1,0,1,0,77,0,"white",1
"1020",50,1,0,1,0,78,0,"white",1
"1021",11,1,0,1,0,73,1,"white",1
"1022",50,1,0,1,0,65,0,"white",0
"1023",80,0,0,0,1,61,1,"hispanic",0
"1024",50,0,0,0,1,32,1,"hispanic",0
"1025",50,1,0,1,0,72,0,"white",0
"1026",0,1,0,0,1,39,1,"hispanic",0
"1027",30,1,0,0,1,49,1,"hispanic",0
"1028",50,1,0,1,0,63,1,"white",0
"1029",92,1,0,1,0,66,0,"white",0
"1030",69,1,0,0,1,65,1,"hispanic",0
"1031",50,1,0,1,0,75,1,"white",0
"1032",44,0,0,1,0,73,0,"white",0
"1033",10,0,0,0,1,24,1,"hispanic",0
"1034",0,1,0,0,1,23,0,"hispanic",1
"1035",50,1,0,1,0,41,1,"white",1
"1036",0,1,0,0,1,46,1,"hispanic",1
"1037",50,1,0,0,1,60,1,"hispanic",1
"1038",50,1,0,1,0,60,1,"white",1
"1039",50,1,0,0,1,71,1,"hispanic",0
"1040",50,1,0,0,1,71,1,"hispanic",0
"1041",50,1,0,0,1,49,0,"hispanic",0
"1042",50,1,0,0,1,44,1,"hispanic",0
"1043",50,1,0,0,1,69,1,"hispanic",0
"1044",0,0,0,0,1,19,1,"hispanic",0
"1045",50,0,0,0,1,48,0,"hispanic",0
"1046",50,0,0,0,1,49,1,"hispanic",0
"1047",50,1,0,1,0,57,0,"white",1
"1048",8,0,0,1,0,46,1,"white",1
"1049",67,0,0,0,1,73,0,"hispanic",0
"1050",50,1,0,0,1,27,1,"hispanic",0
"1051",0,0,0,0,1,23,0,"hispanic",0
"1052",0,0,0,0,1,34,1,"hispanic",0
"1053",100,0,0,0,1,33,0,"hispanic",0
"1054",26,0,0,0,1,23,1,"hispanic",0
"1055",22,0,0,0,1,34,1,"hispanic",0
"1056",50,0,0,0,1,48,0,"hispanic",1
"1057",99,0,0,0,1,74,0,"hispanic",1
"1058",86,1,0,0,1,31,1,"hispanic",0
"1059",50,1,0,0,1,31,0,"hispanic",0
"1060",91,1,0,1,0,68,0,"white",1
"1061",36,1,0,1,0,71,1,"white",1
"1062",57,1,0,1,0,51,1,"white",1
"1063",32,0,0,0,1,83,0,"hispanic",0
"1064",50,0,0,0,1,64,0,"hispanic",0
"1065",50,0,0,0,1,58,1,"hispanic",0
"1066",40,0,0,0,1,53,1,"hispanic",1
"1067",70,0,0,0,1,29,1,"hispanic",1
"1068",13,0,0,0,1,51,1,"hispanic",1
"1069",50,0,0,0,1,48,1,"hispanic",0
"1070",50,0,0,1,0,48,0,"white",0
"1071",50,1,0,1,0,18,0,"white",0
"1072",50,1,0,1,0,39,1,"white",0
"1073",51,0,0,1,0,63,0,"white",0
"1074",0,0,0,0,1,23,0,"hispanic",0
"1075",6,0,0,1,0,50,0,"white",0
"1076",50,1,0,0,1,71,1,"hispanic",0
"1077",50,1,0,0,1,45,1,"hispanic",0
"1078",50,1,0,0,1,48,0,"hispanic",0
"1079",50,1,0,0,1,29,0,"hispanic",0
"1080",0,1,0,0,1,25,0,"hispanic",1
"1081",50,0,0,1,0,44,1,"white",0
"1082",100,1,0,0,1,57,1,"hispanic",1
"1083",49,1,0,0,1,58,1,"hispanic",1
"1084",10,0,0,0,1,77,1,"hispanic",0
"1085",100,1,0,0,1,63,0,"hispanic",0
"1086",100,1,0,0,1,77,1,"hispanic",0
"1087",50,0,0,0,1,70,1,"hispanic",0
"1088",9,1,0,1,0,21,1,"white",0
"1089",20,1,0,0,1,54,1,"hispanic",0
"1090",50,1,0,0,1,59,1,"hispanic",0
"1091",50,1,0,1,0,90,1,"white",1
"1092",50,1,0,0,1,26,1,"hispanic",0
"1093",50,1,0,0,1,68,1,"hispanic",0
"1094",50,1,0,1,0,52,1,"white",0
"1095",50,0,0,1,0,66,0,"white",0
"1096",80,0,0,0,1,67,1,"hispanic",0
"1097",50,1,0,0,1,70,0,"hispanic",0
"1098",59,0,0,0,1,48,0,"hispanic",1
"1099",50,0,0,0,1,49,1,"hispanic",1
"1100",14,0,0,0,1,73,1,"hispanic",1
"1101",55,0,0,0,1,48,1,"hispanic",1
"1102",9,0,0,0,1,56,1,"hispanic",0
"1103",53,1,0,0,1,81,0,"hispanic",0
"1104",50,1,0,0,1,60,1,"hispanic",0
"1105",86,1,0,0,1,55,1,"hispanic",0
"1106",76,1,0,0,1,63,0,"hispanic",0
"1107",50,0,0,0,1,24,0,"hispanic",0
"1108",88,1,0,0,1,29,0,"hispanic",1
"1109",63,0,0,0,1,57,1,"hispanic",0
"1110",0,0,0,0,1,22,0,"hispanic",0
"1111",12,0,0,0,1,67,0,"hispanic",0
"1112",88,0,0,1,0,52,0,"white",0
"1113",63,0,0,1,0,63,1,"white",1
"1114",0,0,0,0,1,50,1,"hispanic",1
"1115",40,1,0,0,1,66,0,"hispanic",0
"1116",0,0,0,0,1,20,1,"hispanic",0
"1117",50,0,0,0,1,47,1,"hispanic",0
"1118",0,0,0,0,1,40,1,"hispanic",0
"1119",50,1,0,1,0,43,0,"white",0
"1120",50,1,0,0,1,40,1,"hispanic",0
"1121",50,0,0,1,0,72,1,"white",0
"1122",73,1,0,0,1,60,0,"hispanic",1
"1123",35,0,0,1,0,21,0,"white",0
"1124",50,0,0,1,0,59,0,"white",1
"1125",50,1,0,1,0,62,1,"white",0
"1126",100,0,0,0,1,38,0,"hispanic",1
"1127",0,0,0,1,0,29,1,"white",1
"1128",52,1,0,0,1,45,1,"hispanic",0
"1129",50,1,0,0,1,52,0,"hispanic",0
"1130",0,1,0,0,1,20,0,"hispanic",1
"1131",7,1,0,0,1,21,1,"hispanic",1
"1132",55,0,0,0,1,57,1,"hispanic",0
"1133",50,0,0,0,1,56,0,"hispanic",1
"1134",50,0,0,1,0,58,1,"white",1
"1135",29,1,0,0,1,41,1,"hispanic",0
"1136",50,1,0,0,1,25,0,"hispanic",0
"1137",50,1,0,0,1,22,0,"hispanic",0
"1138",50,1,0,0,1,42,1,"hispanic",0
"1139",50,1,0,0,1,22,0,"hispanic",0
"1140",50,0,0,0,1,75,0,"hispanic",0
"1141",14,0,0,0,1,80,1,"hispanic",0
"1142",50,0,0,0,1,38,1,"hispanic",0
"1143",50,1,0,0,1,78,0,"hispanic",0
"1144",50,1,0,1,0,57,1,"white",1
"1145",0,0,0,1,0,69,1,"white",1
"1146",0,0,0,0,1,35,1,"hispanic",1
"1147",50,1,0,1,0,60,1,"white",1
"1148",50,1,0,0,1,67,0,"hispanic",0
"1149",50,0,0,0,1,51,1,"hispanic",0
"1150",50,0,0,0,1,30,1,"hispanic",0
"1151",50,0,0,0,1,38,1,"hispanic",0
"1152",90,1,0,0,1,47,1,"hispanic",0
"1153",50,1,0,0,1,20,1,"hispanic",0
"1154",50,1,0,1,0,63,1,"white",1
"1155",0,0,0,0,1,27,1,"hispanic",0
"1156",15,1,0,0,1,20,1,"hispanic",1
"1157",50,0,0,0,1,75,0,"hispanic",0
"1158",24,1,0,0,1,43,0,"hispanic",1
"1159",0,1,0,0,1,53,1,"hispanic",1
"1160",40,1,0,0,1,33,0,"hispanic",1
"1161",50,1,0,0,1,21,1,"hispanic",0
"1162",0,1,0,1,0,57,0,"white",1
"1163",50,1,0,0,1,66,0,"hispanic",0
"1164",25,1,0,0,1,39,0,"hispanic",1
"1165",9,1,0,0,1,53,1,"hispanic",0
"1166",0,1,0,0,1,56,0,"hispanic",0
"1167",28,1,0,0,1,57,1,"hispanic",1
"1168",11,1,0,0,1,31,0,"hispanic",1
"1169",39,1,0,0,1,26,0,"hispanic",1
"1170",100,1,0,0,1,90,1,"hispanic",0
"1171",100,0,0,0,1,19,0,"hispanic",0
"1172",50,0,0,0,1,73,1,"hispanic",0
"1173",39,1,0,0,1,69,0,"hispanic",1
"1174",0,1,0,0,1,63,1,"hispanic",1
"1175",50,0,0,1,0,49,1,"white",1
"1176",20,0,0,1,0,65,1,"white",1
"1177",50,1,0,0,1,27,1,"hispanic",0
"1178",90,1,0,1,0,65,1,"white",0
"1179",50,0,0,0,1,33,1,"hispanic",0
"1180",48,0,0,0,1,44,1,"hispanic",1
"1181",0,1,0,0,1,47,1,"hispanic",1
"1182",0,1,0,0,1,21,0,"hispanic",0
"1183",50,1,0,0,1,53,0,"hispanic",0
"1184",50,1,0,0,1,46,1,"hispanic",1
"1185",50,0,0,0,1,73,0,"hispanic",0
"1186",50,0,0,0,1,71,1,"hispanic",0
"1187",12,1,0,1,0,46,0,"white",1
"1188",50,1,0,0,1,52,1,"hispanic",1
"1189",54,0,0,0,1,22,0,"hispanic",0
"1190",30,0,0,0,1,54,1,"hispanic",1
"1191",50,0,0,1,0,85,1,"white",1
"1192",18,0,0,0,1,37,1,"hispanic",1
"1193",41,0,0,0,1,42,1,"hispanic",0
"1194",50,0,0,0,1,27,1,"hispanic",1
"1195",50,1,0,0,1,38,1,"hispanic",0
"1196",100,1,0,0,1,70,0,"hispanic",0
"1197",48,1,0,0,1,59,1,"hispanic",0
"1198",11,1,0,1,0,33,1,"white",0
"1199",50,1,0,1,0,32,0,"white",0
"1200",0,1,0,1,0,36,1,"white",0
"1201",35,1,0,0,1,50,0,"hispanic",0
"1202",50,1,0,0,1,34,0,"hispanic",0
"1203",50,1,0,1,0,25,1,"white",0
"1204",100,1,0,0,1,73,0,"hispanic",0
"1205",50,1,0,0,1,67,1,"hispanic",1
"1206",48,1,0,0,1,64,0,"hispanic",1
"1207",95,1,0,0,1,20,1,"hispanic",0
"1208",100,1,0,0,1,54,0,"hispanic",0
"1209",97,1,0,0,1,54,1,"hispanic",0
"1210",50,1,0,0,1,39,1,"hispanic",0
"1211",4,0,0,1,0,55,1,"white",1
"1212",50,0,0,0,1,60,0,"hispanic",0
"1213",40,1,0,1,0,67,0,"white",1
"1214",68,0,0,0,1,21,1,"hispanic",0
"1215",50,0,0,0,1,38,1,"hispanic",1
"1216",46,0,0,0,1,70,1,"hispanic",1
"1217",100,1,0,1,0,74,0,"white",0
"1218",50,1,0,0,1,48,1,"hispanic",0
"1219",80,1,0,0,1,50,0,"hispanic",1
"1220",50,1,0,0,1,40,0,"hispanic",0
"1221",50,1,0,0,1,46,1,"hispanic",0
"1222",17,1,0,0,1,53,0,"hispanic",1
"1223",27,1,0,0,1,20,0,"hispanic",0
"1224",100,1,0,0,1,51,0,"hispanic",0
"1225",50,1,0,0,1,34,1,"hispanic",0
"1226",58,0,0,1,0,53,1,"white",1
"1227",0,0,0,0,1,30,0,"hispanic",1
"1228",0,0,0,1,0,34,0,"white",1
"1229",50,1,0,1,0,74,0,"white",1
"1230",50,1,0,0,1,40,0,"hispanic",0
"1231",37,0,0,0,1,29,0,"hispanic",0
"1232",0,0,0,0,1,32,1,"hispanic",0
"1233",50,0,0,0,1,64,0,"hispanic",1
"1234",7,1,0,0,1,26,1,"hispanic",0
"1235",50,0,0,0,1,54,1,"hispanic",0
"1236",20,1,0,1,0,44,0,"white",0
"1237",50,1,0,1,0,78,1,"white",1
"1238",50,1,0,1,0,79,0,"white",1
"1239",79,0,0,0,1,79,1,"hispanic",0
"1240",50,0,0,1,0,39,1,"white",0
"1241",58,0,0,0,1,52,1,"hispanic",0
"1242",96,0,0,0,1,62,0,"hispanic",1
"1243",84,0,0,0,1,33,0,"hispanic",0
"1244",4,0,0,0,1,22,1,"hispanic",1
"1245",50,0,0,0,1,36,1,"hispanic",0
"1246",50,1,0,0,1,58,0,"hispanic",0
"1247",48,1,0,0,1,49,1,"hispanic",0
"1248",35,1,0,0,1,19,1,"hispanic",0
"1249",0,0,0,0,1,43,1,"hispanic",1
"1250",0,0,0,1,0,49,0,"white",1
"1251",0,1,0,0,1,27,1,"hispanic",0
"1252",50,1,0,0,1,68,0,"hispanic",0
"1253",50,1,0,0,1,66,0,"hispanic",0
"1254",50,1,0,0,1,43,0,"hispanic",1
"1255",50,1,0,1,0,42,1,"white",0
"1256",50,0,0,0,1,45,1,"hispanic",0
"1257",0,0,0,0,1,19,0,"hispanic",0
"1258",50,0,0,0,1,82,1,"hispanic",0
"1259",50,1,0,0,1,51,1,"hispanic",1
"1260",50,1,0,0,1,72,1,"hispanic",1
"1261",5,1,0,1,0,72,0,"white",0
"1262",1,1,0,0,1,21,1,"hispanic",0
"1263",71,1,0,1,0,51,0,"white",1
"1264",100,1,0,1,0,52,0,"white",0
"1265",50,0,0,0,1,52,1,"hispanic",0
"1266",51,1,0,1,0,60,1,"white",1
"1267",25,1,0,1,0,57,0,"white",0
"1268",50,0,0,1,0,73,1,"white",0
"1269",39,0,0,0,1,65,0,"hispanic",0
"1270",22,0,0,1,0,30,1,"white",0
"1271",29,0,0,0,1,30,0,"hispanic",0
"1272",0,1,0,0,1,49,1,"hispanic",0
"1273",0,0,0,1,0,56,1,"white",1
"1274",0,1,0,1,0,66,1,"white",1
"1275",0,1,0,1,0,61,0,"white",1
"1276",50,0,0,0,1,66,0,"hispanic",1
"1277",27,0,0,0,1,25,1,"hispanic",0
"1278",50,0,0,0,1,64,0,"hispanic",0
"1279",50,1,0,0,1,80,1,"hispanic",0
"1280",24,1,0,0,1,70,0,"hispanic",0
"1281",50,0,0,1,0,61,0,"white",1
"1282",50,1,0,0,1,17,0,"hispanic",0
"1283",50,1,0,0,1,71,1,"hispanic",1
"1284",50,0,0,0,1,42,1,"hispanic",0
"1285",15,0,0,0,1,33,1,"hispanic",0
"1286",65,0,0,0,1,33,0,"hispanic",0
"1287",37,0,0,1,0,35,0,"white",1
"1288",50,0,0,0,1,51,0,"hispanic",0
"1289",50,0,0,0,1,75,0,"hispanic",0
"1290",80,0,0,1,0,53,1,"white",0
"1291",50,0,0,0,1,27,1,"hispanic",0
"1292",100,0,0,0,1,77,1,"hispanic",0
"1293",5,0,0,0,1,29,1,"hispanic",0
"1294",50,0,0,0,1,65,1,"hispanic",0
"1295",50,0,0,0,1,61,0,"hispanic",0
"1296",100,0,0,0,1,42,0,"hispanic",0
"1297",100,0,0,0,1,40,1,"hispanic",0
"1298",75,1,0,0,1,51,1,"hispanic",1
"1299",0,0,0,1,0,27,1,"white",1
"1300",100,1,0,1,0,55,0,"white",1
"1301",81,1,0,1,0,57,1,"white",1
"1302",100,1,0,0,1,33,0,"hispanic",0
"1303",40,0,0,1,0,61,1,"white",0
"1304",50,1,0,1,0,22,0,"white",0
"1305",50,1,0,1,0,49,0,"white",0
"1306",37,0,0,1,0,29,1,"white",1
"1307",20,0,0,1,0,53,1,"white",1
"1308",0,1,0,0,1,44,0,"hispanic",0
"1309",100,1,0,0,1,67,0,"hispanic",1
"1310",50,1,0,1,0,42,1,"white",0
"1311",50,1,0,1,0,67,0,"white",1
"1312",43,1,0,1,0,68,1,"white",1
"1313",50,0,0,1,0,55,0,"white",0
"1314",69,1,0,1,0,64,0,"white",0
"1315",50,1,0,1,0,62,1,"white",0
"1316",50,1,0,0,1,57,1,"hispanic",1
"1317",71,1,0,1,0,71,0,"white",1
"1318",47,1,0,0,1,22,0,"hispanic",0
"1319",50,0,0,0,1,46,1,"hispanic",0
"1320",84,0,0,1,0,55,0,"white",0
"1321",42,0,0,1,0,30,1,"white",1
"1322",100,0,0,0,1,31,0,"hispanic",1
"1323",0,0,0,1,0,50,0,"white",0
"1324",0,0,0,0,1,26,0,"hispanic",0
"1325",50,1,0,0,1,27,0,"hispanic",0
"1326",82,0,0,0,1,65,1,"hispanic",0
"1327",100,0,0,1,0,77,0,"white",0
"1328",80,0,0,1,0,30,0,"white",0
"1329",72,0,0,0,1,72,1,"hispanic",0
"1330",50,0,0,0,1,46,0,"hispanic",0
"1331",100,0,0,0,1,74,0,"hispanic",0
"1332",0,0,0,1,0,28,1,"white",1
"1333",50,1,0,0,1,58,0,"hispanic",0
"1334",50,0,0,0,1,64,1,"hispanic",0
"1335",50,0,0,0,1,20,0,"hispanic",0
"1336",100,0,0,0,1,45,0,"hispanic",0
"1337",0,1,0,1,0,63,1,"white",0
"1338",50,0,0,0,1,49,1,"hispanic",0
"1339",11,1,0,0,1,31,0,"hispanic",0
"1340",50,0,0,1,0,58,1,"white",1
"1341",50,1,0,1,0,48,1,"white",1
"1342",50,0,0,0,1,32,0,"hispanic",0
"1343",18,0,0,0,1,67,1,"hispanic",0
"1344",97,1,0,0,1,28,0,"hispanic",1
"1345",99,1,0,0,1,60,1,"hispanic",0
"1346",100,0,0,1,0,61,1,"white",0
"1347",100,0,0,1,0,64,0,"white",0
"1348",50,0,0,1,0,48,0,"white",0
"1349",59,0,0,0,1,20,0,"hispanic",0
"1350",23,0,0,0,1,59,1,"hispanic",1
"1351",50,1,0,0,1,40,0,"hispanic",1
"1352",50,1,0,0,1,38,1,"hispanic",1
"1353",67,1,0,1,0,47,0,"white",0
"1354",25,0,0,1,0,45,1,"white",0
"1355",65,0,0,0,1,53,1,"hispanic",0
"1356",50,1,0,1,0,62,1,"white",0
"1357",29,1,0,1,0,66,1,"white",1
"1358",0,1,0,1,0,26,0,"white",1
"1359",50,0,0,0,1,59,1,"hispanic",0
"1360",100,1,0,0,1,71,1,"hispanic",0
"1361",23,0,0,1,0,82,1,"white",0
"1362",1,1,0,0,1,53,1,"hispanic",1
"1363",0,1,0,0,1,30,0,"hispanic",1
"1364",100,0,0,0,1,48,0,"hispanic",0
"1365",50,0,0,0,1,26,1,"hispanic",0
"1366",100,1,0,0,1,37,1,"hispanic",0
"1367",92,1,0,0,1,37,0,"hispanic",1
"1368",87,1,0,0,1,42,1,"hispanic",0
"1369",43,1,0,0,1,51,1,"hispanic",0
"1370",50,1,0,0,1,49,0,"hispanic",0
"1371",83,1,0,0,1,49,1,"hispanic",0
"1372",100,1,0,0,1,19,0,"hispanic",0
"1373",50,0,0,0,1,42,0,"hispanic",0
"1374",100,1,0,0,1,32,1,"hispanic",0
"1375",100,1,0,0,1,59,1,"hispanic",0
"1376",93,1,0,0,1,65,0,"hispanic",0
"1377",10,1,0,0,1,31,1,"hispanic",0
"1378",50,1,0,0,1,18,0,"hispanic",0
"1379",50,1,0,0,1,49,0,"hispanic",0
"1380",53,1,0,0,1,40,1,"hispanic",0
"1381",50,1,0,0,1,54,1,"hispanic",0
"1382",31,1,0,0,1,24,1,"hispanic",0
"1383",62,1,0,0,1,42,1,"hispanic",0
"1384",50,1,0,1,0,72,0,"white",0
"1385",50,0,0,0,1,40,1,"hispanic",0
"1386",50,1,0,1,0,80,0,"white",1
"1387",100,1,0,1,0,50,0,"white",1
"1388",0,0,0,0,1,20,0,"hispanic",1
"1389",50,0,0,0,1,48,0,"hispanic",0
"1390",30,1,0,0,1,58,1,"hispanic",0
"1391",60,1,0,0,1,57,0,"hispanic",0
"1392",50,0,0,0,1,23,1,"hispanic",0
"1393",50,0,0,1,0,50,1,"white",1
"1394",67,0,0,0,1,19,0,"hispanic",1
"1395",100,0,0,0,1,20,0,"hispanic",1
"1396",50,0,0,0,1,49,0,"hispanic",0
"1397",96,0,0,0,1,30,1,"hispanic",0
"1398",99,0,0,0,1,71,1,"hispanic",1
"1399",77,0,0,0,1,39,0,"hispanic",0
"1400",50,1,0,0,1,53,0,"hispanic",0
"1401",90,1,0,0,1,66,1,"hispanic",0
"1402",40,1,0,1,0,69,0,"white",0
"1403",77,0,0,0,1,85,1,"hispanic",0
"1404",30,1,0,1,0,50,0,"white",0
"1405",50,0,0,0,1,23,1,"hispanic",1
"1406",100,0,0,0,1,71,1,"hispanic",0
"1407",100,0,0,0,1,41,0,"hispanic",0
"1408",100,0,0,0,1,70,0,"hispanic",0
"1409",50,0,0,0,1,45,0,"hispanic",0
"1410",100,0,0,0,1,64,1,"hispanic",0
"1411",6,0,0,0,1,50,1,"hispanic",0
"1412",50,0,0,0,1,66,1,"hispanic",0
"1413",0,1,0,0,1,43,1,"hispanic",0
"1414",25,0,0,0,1,18,1,"hispanic",0
"1415",50,0,0,0,1,56,1,"hispanic",0
"1416",27,1,0,1,0,40,0,"white",1
"1417",74,1,0,0,1,82,1,"hispanic",1
"1418",50,0,0,0,1,60,1,"hispanic",1
"1419",50,0,0,0,1,44,0,"hispanic",1
"1420",50,0,0,0,1,59,1,"hispanic",0
"1421",0,1,0,0,1,21,1,"hispanic",0
"1422",50,0,0,0,1,47,0,"hispanic",0
"1423",100,1,0,0,1,56,0,"hispanic",0
"1424",50,0,0,0,1,68,0,"hispanic",0
"1425",50,1,0,0,1,25,1,"hispanic",0
"1426",0,0,0,0,1,46,0,"hispanic",0
"1427",0,0,0,0,1,21,0,"hispanic",0
"1428",0,0,0,1,0,51,1,"white",0
"1429",50,0,0,1,0,44,0,"white",0
"1430",26,1,0,0,1,52,0,"hispanic",1
"1431",32,1,0,0,1,52,0,"hispanic",1
"1432",86,1,0,0,1,22,1,"hispanic",0
"1433",60,0,0,0,1,59,0,"hispanic",1
"1434",50,1,0,0,1,56,1,"hispanic",0
"1435",100,0,0,1,0,31,0,"white",0
"1436",100,0,0,0,1,29,0,"hispanic",0
"1437",100,0,0,0,1,59,1,"hispanic",0
"1438",50,0,0,0,1,64,0,"hispanic",0
"1439",51,0,0,0,1,30,1,"hispanic",0
"1440",50,1,0,0,1,18,1,"hispanic",1
"1441",50,1,0,1,0,24,0,"white",0
"1442",74,1,0,0,1,62,0,"hispanic",0
"1443",50,1,0,0,1,25,0,"hispanic",1
"1444",50,0,0,0,1,56,0,"hispanic",0
"1445",50,0,0,0,1,29,1,"hispanic",1
"1446",50,0,0,0,1,57,0,"hispanic",0
"1447",50,0,0,0,1,51,1,"hispanic",0
"1448",50,0,0,0,1,67,0,"hispanic",1
"1449",50,0,0,0,1,66,1,"hispanic",0
"1450",50,1,0,0,1,41,0,"hispanic",0
"1451",90,0,0,0,1,49,0,"hispanic",0
"1452",0,1,0,0,1,43,1,"hispanic",0
"1453",0,1,0,0,1,20,1,"hispanic",1
"1454",50,0,0,1,0,59,1,"white",0
"1455",50,1,0,0,1,21,0,"hispanic",1
"1456",50,1,0,0,1,65,0,"hispanic",0
"1457",0,1,0,0,1,83,1,"hispanic",0
"1458",50,1,0,0,1,54,0,"hispanic",0
"1459",0,1,0,0,1,22,0,"hispanic",0
"1460",50,0,0,0,1,37,0,"hispanic",0
"1461",16,1,0,0,1,48,1,"hispanic",0
"1462",0,1,0,1,0,49,0,"white",1
"1463",50,1,0,1,0,41,1,"white",0
"1464",50,0,0,1,0,24,0,"white",0
"1465",78,0,0,0,1,18,1,"hispanic",1
"1466",50,0,0,0,1,46,1,"hispanic",1
"1467",97,0,0,0,1,19,0,"hispanic",0
"1468",0,1,0,0,1,25,1,"hispanic",1
"1469",77,1,0,1,0,68,0,"white",0
"1470",29,1,0,1,0,56,1,"white",1
"1471",0,0,0,1,0,79,0,"white",1
"1472",0,0,0,1,0,67,1,"white",1
"1473",50,0,0,0,1,24,1,"hispanic",1
"1474",0,0,0,0,1,56,1,"hispanic",1
"1475",50,0,1,0,0,31,0,"black",1
"1476",50,0,0,0,1,55,1,"hispanic",0
"1477",100,0,0,0,1,19,0,"hispanic",0
"1478",50,1,0,0,1,78,1,"hispanic",1
"1479",50,1,1,0,0,56,1,"black",1
"1480",30,0,0,1,0,61,0,"white",1
"1481",0,0,0,0,1,19,1,"hispanic",0
"1482",50,0,0,0,1,20,0,"hispanic",0
"1483",50,0,0,0,1,80,0,"hispanic",0
"1484",0,0,0,0,1,23,1,"hispanic",0
"1485",50,0,0,0,1,18,0,"hispanic",0
"1486",50,1,0,0,1,26,1,"hispanic",0
"1487",50,1,0,0,1,51,1,"hispanic",0
"1488",50,1,0,0,1,51,0,"hispanic",0
"1489",50,0,0,0,1,41,0,"hispanic",0
"1490",0,0,0,0,1,30,1,"hispanic",1
"1491",47,0,0,0,1,29,1,"hispanic",1
"1492",50,0,0,0,1,33,0,"hispanic",0
"1493",0,1,0,1,0,58,1,"white",1
"1494",50,0,0,0,1,55,0,"hispanic",0
"1495",50,1,0,0,1,66,0,"hispanic",0
"1496",50,0,0,0,1,55,0,"hispanic",0
"1497",50,1,0,0,1,46,1,"hispanic",0
"1498",50,1,0,0,1,50,0,"hispanic",0
"1499",61,0,0,1,0,69,0,"white",0
"1500",57,0,0,0,1,57,1,"hispanic",0
"1501",50,0,1,0,0,24,0,"black",0
"1502",100,1,0,0,1,46,1,"hispanic",0
"1503",29,0,0,0,1,53,0,"hispanic",0
"1504",0,0,0,0,1,20,1,"hispanic",0
"1505",74,0,0,0,1,51,1,"hispanic",0
"1506",50,0,0,0,1,60,0,"hispanic",0
"1507",75,0,0,0,1,58,0,"hispanic",0
"1508",55,0,0,0,1,18,0,"hispanic",1
"1509",50,1,0,0,1,41,0,"hispanic",0
"1510",0,0,0,1,0,55,0,"white",1
"1511",0,0,1,0,0,22,0,"black",0
"1512",0,0,1,0,0,20,0,"black",0
"1513",10,0,0,1,0,40,1,"white",0
"1514",25,0,0,0,1,54,1,"hispanic",0
"1515",50,0,0,0,1,53,0,"hispanic",1
"1516",0,0,0,1,0,55,0,"white",0
"1517",17,0,0,1,0,61,0,"white",1
"1518",0,0,0,0,1,20,0,"hispanic",0
"1519",50,1,0,0,1,53,1,"hispanic",0
"1520",21,0,0,0,1,22,1,"hispanic",0
"1521",13,0,0,1,0,42,1,"white",1
"1522",50,0,0,1,0,72,1,"white",1
"1523",90,0,0,0,1,40,1,"hispanic",0
"1524",0,1,0,1,0,22,0,"white",1
"1525",11,1,1,0,0,28,1,"black",1
"1526",50,0,0,0,1,28,1,"hispanic",1
"1527",50,0,0,0,1,22,1,"hispanic",0
"1528",50,0,0,0,1,60,1,"hispanic",0
"1529",23,1,0,0,1,81,0,"hispanic",0
"1530",50,1,0,0,1,20,0,"hispanic",0
"1531",99,1,0,0,1,47,1,"hispanic",0
"1532",50,1,0,0,1,52,0,"hispanic",0
"1533",14,0,0,0,1,42,0,"hispanic",1
"1534",0,0,0,1,0,66,1,"white",1
"1535",0,1,0,0,1,21,1,"hispanic",0
"1536",50,0,1,0,0,75,1,"black",1
"1537",50,0,0,1,0,60,0,"white",0
"1538",93,1,0,0,1,42,0,"hispanic",0
"1539",100,1,0,0,1,75,1,"hispanic",1
"1540",50,0,0,0,1,55,0,"hispanic",1
"1541",50,1,0,0,1,21,1,"hispanic",1
"1542",100,1,0,0,1,56,0,"hispanic",1
"1543",13,1,0,1,0,51,1,"white",1
"1544",30,1,0,0,1,58,1,"hispanic",0
"1545",50,0,0,0,1,34,0,"hispanic",0
"1546",50,0,0,0,1,37,1,"hispanic",1
"1547",0,0,0,0,1,25,1,"hispanic",0
"1548",40,0,0,0,1,22,1,"hispanic",0
"1549",74,0,0,0,1,28,0,"hispanic",0
"1550",50,0,0,1,0,90,1,"white",1
"1551",42,0,0,0,1,60,1,"hispanic",1
"1552",41,0,0,0,1,66,0,"hispanic",0
"1553",50,0,0,0,1,23,0,"hispanic",0
"1554",50,0,0,1,0,68,0,"white",0
"1555",50,1,0,0,1,32,0,"hispanic",1
"1556",20,0,0,0,1,75,1,"hispanic",0
"1557",50,1,0,0,1,46,0,"hispanic",0
"1558",50,1,0,1,0,55,1,"white",0
"1559",50,1,0,0,1,25,0,"hispanic",0
"1560",50,1,0,0,1,56,0,"hispanic",0
"1561",50,1,0,0,1,55,1,"hispanic",0
"1562",40,0,0,0,1,28,1,"hispanic",0
"1563",4,1,0,0,1,20,1,"hispanic",1
"1564",73,1,0,1,0,58,1,"white",1
"1565",1,1,0,0,1,76,0,"hispanic",0
"1566",0,1,0,0,1,29,1,"hispanic",0
"1567",56,1,0,0,1,31,1,"hispanic",0
"1568",0,1,0,0,1,69,0,"hispanic",0
"1569",6,1,0,0,1,56,1,"hispanic",1
"1570",50,0,0,0,1,47,0,"hispanic",0
"1571",50,0,0,0,1,43,1,"hispanic",0
"1572",0,1,0,1,0,57,0,"white",1
"1573",5,1,0,0,1,60,1,"hispanic",1
"1574",64,1,0,0,1,83,0,"hispanic",0
"1575",0,1,0,0,1,20,1,"hispanic",1
"1576",50,1,0,0,1,49,1,"hispanic",0
"1577",51,1,0,0,1,55,0,"hispanic",0
"1578",50,1,0,0,1,29,1,"hispanic",0
"1579",50,1,0,0,1,65,1,"hispanic",0
"1580",27,1,0,1,0,64,0,"white",1
"1581",0,0,0,1,0,50,0,"white",1
"1582",77,0,0,0,1,47,1,"hispanic",0
"1583",1,0,0,0,1,20,1,"hispanic",0
"1584",50,0,0,1,0,32,0,"white",0
"1585",50,0,0,1,0,36,1,"white",0
"1586",58,1,0,0,1,53,1,"hispanic",0
"1587",0,1,0,0,1,19,1,"hispanic",1
"1588",50,1,0,1,0,64,1,"white",1
"1589",57,1,0,0,1,40,0,"hispanic",0
"1590",98,1,0,0,1,38,1,"hispanic",0
"1591",63,1,0,0,1,41,1,"hispanic",0
"1592",50,0,0,0,1,59,1,"hispanic",1
"1593",53,0,0,1,0,48,0,"white",0
"1594",0,0,0,0,1,56,0,"hispanic",0
"1595",12,0,0,0,1,73,0,"hispanic",0
"1596",38,0,1,0,0,65,0,"black",1
"1597",50,1,0,0,1,54,1,"hispanic",0
"1598",78,1,0,1,0,64,1,"white",1
"1599",50,0,0,0,1,59,0,"hispanic",0
"1600",50,0,1,0,0,62,1,"black",1
"1601",24,0,0,0,1,28,1,"hispanic",0
"1602",50,0,0,0,1,38,0,"hispanic",0
"1603",50,0,0,0,1,37,1,"hispanic",0
"1604",50,1,1,0,0,54,0,"black",1
"1605",35,1,1,0,0,56,1,"black",1
"1606",40,1,0,0,1,18,0,"hispanic",0
"1607",46,1,0,0,1,54,0,"hispanic",0
"1608",27,1,0,0,1,57,0,"hispanic",1
"1609",50,0,0,0,1,66,0,"hispanic",1
"1610",50,0,0,0,1,50,1,"hispanic",0
"1611",50,0,0,0,1,75,1,"hispanic",0
"1612",89,0,0,0,1,78,0,"hispanic",0
"1613",50,0,0,0,1,49,0,"hispanic",0
"1614",50,0,0,0,1,71,1,"hispanic",0
"1615",50,0,0,0,1,78,0,"hispanic",0
"1616",27,1,0,0,1,58,0,"hispanic",1
"1617",50,1,0,0,1,16,1,"hispanic",1
"1618",71,1,0,0,1,82,0,"hispanic",0
"1619",50,1,0,0,1,51,0,"hispanic",1
"1620",50,1,0,0,1,32,1,"hispanic",0
"1621",0,1,0,0,1,67,0,"hispanic",0
"1622",0,0,0,1,0,20,0,"white",0
"1623",42,0,0,1,0,45,0,"white",0
"1624",50,0,0,0,1,65,1,"hispanic",0
"1625",50,0,0,0,1,68,0,"hispanic",0
"1626",50,1,0,1,0,55,1,"white",0
"1627",45,0,0,0,1,91,1,"hispanic",0
"1628",50,0,0,0,1,58,0,"hispanic",0
"1629",62,0,0,0,1,39,1,"hispanic",1
"1630",50,0,0,0,1,60,1,"hispanic",0
"1631",0,0,0,0,1,21,1,"hispanic",1
"1632",38,0,0,0,1,19,1,"hispanic",1
"1633",87,0,0,0,1,34,0,"hispanic",0
"1634",50,0,0,0,1,34,1,"hispanic",0
"1635",50,1,0,0,1,68,0,"hispanic",0
"1636",18,0,0,0,1,60,1,"hispanic",1
"1637",60,0,0,0,1,45,1,"hispanic",0
"1638",21,1,0,1,0,44,0,"white",0
"1639",0,1,0,1,0,45,1,"white",0
"1640",51,1,0,0,1,32,0,"hispanic",0
"1641",50,1,0,0,1,66,1,"hispanic",1
"1642",50,1,0,0,1,62,0,"hispanic",0
"1643",80,0,0,0,1,29,1,"hispanic",0
"1644",64,0,0,0,1,68,1,"hispanic",1
"1645",50,1,0,0,1,22,1,"hispanic",0
"1646",50,1,0,0,1,64,0,"hispanic",0
"1647",6,1,0,1,0,55,0,"white",1
"1648",50,0,0,0,1,39,0,"hispanic",0
"1649",15,1,0,0,1,19,1,"hispanic",0
"1650",50,1,0,0,1,51,0,"hispanic",0
"1651",77,0,0,0,1,54,0,"hispanic",0
"1652",50,0,0,0,1,44,1,"hispanic",1
"1653",50,0,0,1,0,72,1,"white",1
"1654",50,0,0,0,1,46,1,"hispanic",1
"1655",60,1,0,0,1,54,0,"hispanic",0
"1656",0,0,0,0,1,23,1,"hispanic",0
"1657",25,0,0,0,1,18,0,"hispanic",0
"1658",62,1,0,0,1,54,1,"hispanic",0
"1659",72,1,0,0,1,55,1,"hispanic",0
"1660",50,1,1,0,0,46,1,"black",1
"1661",50,1,0,0,1,65,1,"hispanic",1
"1662",50,1,1,0,0,20,1,"black",1
"1663",0,0,0,0,1,21,0,"hispanic",0
"1664",21,0,0,0,1,20,1,"hispanic",1
"1665",8,0,0,0,1,44,1,"hispanic",1
"1666",79,0,0,0,1,27,0,"hispanic",0
"1667",100,0,0,0,1,58,1,"hispanic",0
"1668",10,1,1,0,0,75,1,"black",1
"1669",27,0,0,0,1,21,1,"hispanic",0
"1670",0,1,0,1,0,77,0,"white",1
"1671",10,1,0,1,0,50,0,"white",1
"1672",33,1,0,1,0,72,1,"white",1
"1673",100,1,0,0,1,61,1,"hispanic",0
"1674",50,0,0,0,1,25,0,"hispanic",0
"1675",44,1,0,0,1,86,1,"hispanic",0
"1676",50,1,0,0,1,60,1,"hispanic",0
"1677",47,0,0,1,0,64,1,"white",0
"1678",40,0,0,1,0,38,0,"white",0
"1679",80,0,0,0,1,22,0,"hispanic",0
"1680",70,0,0,0,1,27,0,"hispanic",0
"1681",0,0,0,0,1,55,1,"hispanic",1
"1682",50,0,0,0,1,85,1,"hispanic",0
"1683",50,0,0,1,0,45,1,"white",0
"1684",50,0,0,0,1,18,0,"hispanic",0
"1685",50,1,0,1,0,53,0,"white",0
"1686",88,0,0,0,1,73,1,"hispanic",0
"1687",20,1,0,0,1,27,1,"hispanic",0
"1688",50,0,0,0,1,80,0,"hispanic",0
"1689",59,0,0,0,1,81,1,"hispanic",0
"1690",81,0,0,0,1,37,1,"hispanic",0
"1691",0,1,0,0,1,28,1,"hispanic",0
"1692",26,0,0,0,1,21,1,"hispanic",0
"1693",68,1,0,0,1,26,1,"hispanic",1
"1694",50,1,0,0,1,64,0,"hispanic",0
"1695",24,1,0,1,0,70,1,"white",1
"1696",0,0,0,0,1,40,0,"hispanic",0
"1697",50,0,0,0,1,66,1,"hispanic",0
"1698",50,0,0,0,1,57,0,"hispanic",0
"1699",50,0,0,0,1,60,1,"hispanic",0
"1700",15,0,0,1,0,31,1,"white",0
"1701",58,0,0,1,0,31,0,"white",0
"1702",0,0,0,0,1,20,1,"hispanic",1
"1703",90,0,0,0,1,56,1,"hispanic",0
"1704",50,1,0,0,1,61,1,"hispanic",0
"1705",0,1,0,0,1,21,1,"hispanic",0
"1706",0,1,0,0,1,48,1,"hispanic",0
"1707",0,1,0,0,1,20,0,"hispanic",0
"1708",0,0,0,0,1,23,1,"hispanic",1
"1709",0,1,0,0,1,41,1,"hispanic",0
"1710",0,0,0,0,1,49,1,"hispanic",1
"1711",0,0,0,0,1,19,1,"hispanic",1
"1712",57,1,0,0,1,63,1,"hispanic",0
"1713",50,1,0,0,1,30,0,"hispanic",0
"1714",80,1,0,0,1,29,0,"hispanic",0
"1715",0,1,0,0,1,57,0,"hispanic",0
"1716",0,1,0,0,1,31,1,"hispanic",0
"1717",0,1,0,0,1,57,1,"hispanic",1
"1718",50,1,0,0,1,21,0,"hispanic",0
"1719",62,0,0,0,1,97,1,"hispanic",1
"1720",50,0,0,0,1,25,0,"hispanic",0
"1721",84,1,0,0,1,66,0,"hispanic",0
"1722",50,0,0,0,1,47,1,"hispanic",0
"1723",50,1,0,0,1,52,0,"hispanic",1
"1724",10,0,0,0,1,52,1,"hispanic",0
"1725",0,0,0,0,1,82,1,"hispanic",1
"1726",50,1,0,0,1,84,1,"hispanic",0
"1727",50,1,0,0,1,47,0,"hispanic",0
"1728",50,1,0,0,1,19,1,"hispanic",1
"1729",2,1,0,0,1,67,1,"hispanic",0
"1730",7,1,0,1,0,56,1,"white",1
"1731",0,0,0,0,1,34,1,"hispanic",0
"1732",50,0,0,0,1,20,1,"hispanic",0
"1733",50,0,0,0,1,46,1,"hispanic",0
"1734",50,0,0,0,1,26,0,"hispanic",0
"1735",92,0,0,0,1,52,1,"hispanic",0
"1736",83,0,0,0,1,88,1,"hispanic",0
"1737",100,0,0,0,1,20,0,"hispanic",0
"1738",40,1,0,0,1,71,0,"hispanic",0
"1739",50,1,0,0,1,19,1,"hispanic",0
"1740",86,1,0,1,0,47,1,"white",0
"1741",75,1,0,1,0,49,0,"white",0
"1742",0,0,0,1,0,44,1,"white",1
"1743",0,0,0,1,0,75,1,"white",1
"1744",50,0,0,1,0,25,0,"white",0
"1745",98,0,0,1,0,59,0,"white",0
"1746",52,1,0,0,1,67,1,"hispanic",0
"1747",50,1,0,0,1,68,0,"hispanic",0
"1748",50,0,0,0,1,48,0,"hispanic",0
"1749",0,0,0,1,0,19,1,"white",1
"1750",0,0,0,0,1,18,1,"hispanic",0
"1751",50,0,0,0,1,53,0,"hispanic",0
"1752",50,1,0,0,1,30,0,"hispanic",0
"1753",50,1,0,0,1,72,0,"hispanic",0
"1754",50,1,0,0,1,22,0,"hispanic",0
"1755",30,1,0,0,1,46,1,"hispanic",0
"1756",50,0,0,1,0,54,1,"white",1
"1757",50,0,0,1,0,58,0,"white",1
"1758",2,0,0,1,0,19,1,"white",1
"1759",15,1,0,1,0,46,1,"white",1
"1760",62,0,0,1,0,65,0,"white",1
"1761",35,0,0,1,0,61,1,"white",1
"1762",50,1,0,0,1,34,1,"hispanic",1
"1763",11,1,0,0,1,25,1,"hispanic",0
"1764",27,1,0,0,1,72,1,"hispanic",0
"1765",34,1,0,1,0,52,0,"white",0
"1766",37,1,0,0,1,81,0,"hispanic",0
"1767",50,0,0,0,1,52,1,"hispanic",0
"1768",50,0,0,1,0,50,0,"white",0
"1769",50,1,0,0,1,48,0,"hispanic",1
"1770",50,0,0,1,0,72,1,"white",1
"1771",0,0,0,1,0,51,1,"white",1
"1772",36,0,0,1,0,25,1,"white",1
"1773",10,0,0,1,0,70,0,"white",0
"1774",50,1,0,0,1,55,0,"hispanic",0
"1775",100,1,0,0,1,88,1,"hispanic",0
"1776",0,1,0,0,1,28,1,"hispanic",0
"1777",0,1,0,0,1,26,1,"hispanic",0
"1778",0,1,0,0,1,19,1,"hispanic",1
"1779",0,1,0,0,1,19,0,"hispanic",1
"1780",0,1,0,0,1,21,1,"hispanic",1
"1781",0,1,0,0,1,20,1,"hispanic",0
"1782",50,1,0,0,1,18,0,"hispanic",0
"1783",100,0,0,1,0,62,1,"white",0
"1784",11,0,0,0,1,76,1,"hispanic",1
"1785",44,1,0,0,1,27,0,"hispanic",0
"1786",50,1,0,0,1,37,0,"hispanic",0
"1787",50,1,0,0,1,76,1,"hispanic",0
"1788",50,1,0,0,1,69,0,"hispanic",0
"1789",0,1,0,0,1,20,1,"hispanic",0
"1790",0,1,0,0,1,32,1,"hispanic",0
"1791",95,1,0,1,0,87,0,"white",0
"1792",100,1,0,1,0,57,0,"white",0
"1793",0,0,0,0,1,31,1,"hispanic",0
"1794",50,1,0,0,1,23,1,"hispanic",1
"1795",50,1,0,1,0,46,0,"white",1
"1796",0,0,0,1,0,21,1,"white",0
"1797",100,0,0,0,1,62,1,"hispanic",1
"1798",50,0,0,1,0,54,0,"white",1
"1799",50,0,0,0,1,58,1,"hispanic",0
"1800",50,1,0,0,1,28,1,"hispanic",0
"1801",90,1,0,0,1,72,0,"hispanic",0
"1802",50,0,0,1,0,29,1,"white",0
"1803",0,0,0,1,0,71,1,"white",1
"1804",50,1,0,0,1,53,1,"hispanic",1
"1805",44,1,0,0,1,57,0,"hispanic",1
"1806",25,0,0,0,1,35,1,"hispanic",0
"1807",25,0,0,0,1,35,0,"hispanic",0
